{"type":"FeatureCollection","features":[{"type":"Feature","geometry":{"type":"Point","coordinates":[5.21633,59.37123]},"properties":{"id":10029,"n":"TUHOLMANE Ø","k":"KARMØY","g":"vest","po":"3","c":2340}},{"type":"Feature","geometry":{"type":"Point","coordinates":[5.09073,60.05432]},"properties":{"id":10041,"n":"KVIKSHOLMEN","k":"AUSTEVOLL","g":"vest","po":"3","c":2340}},{"type":"Feature","geometry":{"type":"Point","coordinates":[5.12063,60.08808]},"properties":{"id":10045,"n":"EIDHOLMEN","k":"AUSTEVOLL","g":"vest","po":"3","c":780}},{"type":"Feature","geometry":{"type":"Point","coordinates":[5.22813,59.86657]},"properties":{"id":10050,"n":"OSPØY Ø","k":"BØMLO","g":"vest","po":"3","c":1560}},{"type":"Feature","geometry":{"type":"Point","coordinates":[5.30908,60.02558]},"properties":{"id":10054,"n":"TOBBEHOLMANE","k":"AUSTEVOLL","g":"vest","po":"3","c":3120}},{"type":"Feature","geometry":{"type":"Point","coordinates":[5.32858,60.72342]},"properties":{"id":10086,"n":"REKEVIKI","k":"ALVER","g":"vest","po":"4","c":3120}},{"type":"Feature","geometry":{"type":"Point","coordinates":[4.70833,61.32]},"properties":{"id":10087,"n":"KALVØYA N","k":"ASKVOLL","g":"vest","po":"4","c":1560}},{"type":"Feature","geometry":{"type":"Point","coordinates":[5.86378,59.1474]},"properties":{"id":10110,"n":"DJUPEVIK","k":"STAVANGER","g":"rog","po":"2","c":5460}},{"type":"Feature","geometry":{"type":"Point","coordinates":[5.93443,59.12232]},"properties":{"id":10113,"n":"KOBBAVIKA","k":"STAVANGER","g":"rog","po":"2","c":3600}},{"type":"Feature","geometry":{"type":"Point","coordinates":[5.66968,59.95335]},"properties":{"id":10136,"n":"ONARØY","k":"TYSNES","g":"vest","po":"3","c":3900}},{"type":"Feature","geometry":{"type":"Point","coordinates":[6.16075,62.52025]},"properties":{"id":10181,"n":"OKSEBÅSEN V","k":"HARAM","g":"more","po":"5","c":4680}},{"type":"Feature","geometry":{"type":"Point","coordinates":[7.9046,63.07678]},"properties":{"id":10212,"n":"BOGEN","k":"KRISTIANSUND","g":"trond","po":"6","c":6240}},{"type":"Feature","geometry":{"type":"Point","coordinates":[8.0756,62.9424]},"properties":{"id":10213,"n":"NAUSTNESET","k":"GJEMNES","g":"trond","po":"6","c":2340}},{"type":"Feature","geometry":{"type":"Point","coordinates":[8.19173,63.07628]},"properties":{"id":10216,"n":"SKÅREN","k":"HEIM","g":"trond","po":"6","c":3120}},{"type":"Feature","geometry":{"type":"Point","coordinates":[8.21357,63.39802]},"properties":{"id":10223,"n":"BREMNESSVAET","k":"SMØLA","g":"trond","po":"6","c":7020}},{"type":"Feature","geometry":{"type":"Point","coordinates":[8.21755,63.1434]},"properties":{"id":10224,"n":"KORSNESET","k":"HEIM","g":"trond","po":"6","c":9360}},{"type":"Feature","geometry":{"type":"Point","coordinates":[8.45695,63.14602]},"properties":{"id":10229,"n":"FÆTTEN","k":"HEIM","g":"trond","po":"6","c":4680}},{"type":"Feature","geometry":{"type":"Point","coordinates":[8.53687,63.84705]},"properties":{"id":10232,"n":"MANNBRUHOLMEN","k":"FRØYA","g":"trond","po":"6","c":7020}},{"type":"Feature","geometry":{"type":"Point","coordinates":[8.88687,63.65197]},"properties":{"id":10240,"n":"ILSØYA Ø","k":"HITRA","g":"trond","po":"6","c":1560}},{"type":"Feature","geometry":{"type":"Point","coordinates":[10.7427,64.8168]},"properties":{"id":10256,"n":"BONDØYA","k":"NÆRØYSUND","g":"trond","po":"7","c":4680}},{"type":"Feature","geometry":{"type":"Point","coordinates":[11.6139,65.01145]},"properties":{"id":10262,"n":"LILLE KVITHOLMEN","k":"NÆRØYSUND","g":"trond","po":"7","c":4680}},{"type":"Feature","geometry":{"type":"Point","coordinates":[22.3542,70.14145]},"properties":{"id":10275,"n":"AUSKARNES Ø","k":"LOPPA","g":"nord","po":"12","c":2700}},{"type":"Feature","geometry":{"type":"Point","coordinates":[22.66705,70.07733]},"properties":{"id":10276,"n":"SOMMARBUKT","k":"ALTA","g":"nord","po":"12","c":2580}},{"type":"Feature","geometry":{"type":"Point","coordinates":[22.89652,70.32112]},"properties":{"id":10281,"n":"STORE KVALFJORD","k":"ALTA","g":"nord","po":"12","c":3600}},{"type":"Feature","geometry":{"type":"Point","coordinates":[5.1462,59.72415]},"properties":{"id":10291,"n":"HISKHOLMEN","k":"BØMLO","g":"vest","po":"3","c":2340}},{"type":"Feature","geometry":{"type":"Point","coordinates":[5.15547,59.71383]},"properties":{"id":10292,"n":"LYKLINGHOLMEN N","k":"BØMLO","g":"vest","po":"3","c":3120}},{"type":"Feature","geometry":{"type":"Point","coordinates":[5.2447,59.86642]},"properties":{"id":10298,"n":"ÅLFORO","k":"FITJAR","g":"vest","po":"3","c":2700}},{"type":"Feature","geometry":{"type":"Point","coordinates":[5.31192,59.6084]},"properties":{"id":10300,"n":"HILLERSVIK","k":"SVEIO","g":"vest","po":"3","c":2340}},{"type":"Feature","geometry":{"type":"Point","coordinates":[5.36363,59.74298]},"properties":{"id":10303,"n":"NAPPEHOLMANE","k":"BØMLO","g":"vest","po":"3","c":2340}},{"type":"Feature","geometry":{"type":"Point","coordinates":[4.96867,60.46773]},"properties":{"id":10309,"n":"SYRTANGEN","k":"ØYGARDEN","g":"vest","po":"4","c":2340}},{"type":"Feature","geometry":{"type":"Point","coordinates":[5.19383,61.20313]},"properties":{"id":10311,"n":"STORLIA","k":"HYLLESTAD","g":"vest","po":"4","c":3120}},{"type":"Feature","geometry":{"type":"Point","coordinates":[4.97933,61.31663]},"properties":{"id":10317,"n":"GARVIK","k":"ASKVOLL","g":"vest","po":"4","c":1560}},{"type":"Feature","geometry":{"type":"Point","coordinates":[5.06988,61.75802]},"properties":{"id":10318,"n":"GULESTØ","k":"BREMANGER","g":"vest","po":"4","c":5460}},{"type":"Feature","geometry":{"type":"Point","coordinates":[5.13683,61.58577]},"properties":{"id":10319,"n":"ÅLVORA","k":"KINN","g":"vest","po":"4","c":3120}},{"type":"Feature","geometry":{"type":"Point","coordinates":[5.64105,60.22327]},"properties":{"id":10324,"n":"GJERDEVIKSFLUA","k":"BJØRNAFJORDEN","g":"vest","po":"3","c":1560}},{"type":"Feature","geometry":{"type":"Point","coordinates":[5.90693,60.14103]},"properties":{"id":10328,"n":"SAGVIK","k":"KVAM","g":"vest","po":"3","c":2210}},{"type":"Feature","geometry":{"type":"Point","coordinates":[6.04472,60.11283]},"properties":{"id":10331,"n":"ÅKRE","k":"KVINNHERAD","g":"vest","po":"3","c":3120}},{"type":"Feature","geometry":{"type":"Point","coordinates":[6.08263,60.0833]},"properties":{"id":10332,"n":"TROMMO","k":"KVINNHERAD","g":"vest","po":"3","c":3120}},{"type":"Feature","geometry":{"type":"Point","coordinates":[6.35625,60.40672]},"properties":{"id":10338,"n":"DJUPEVIK","k":"KVAM","g":"vest","po":"3","c":1849}},{"type":"Feature","geometry":{"type":"Point","coordinates":[9.40922,63.58937]},"properties":{"id":10375,"n":"NORD LEKSA","k":"ORKLAND","g":"trond","po":"6","c":7020}},{"type":"Feature","geometry":{"type":"Point","coordinates":[10.11568,64.093]},"properties":{"id":10398,"n":"SEISKJÆRA","k":"ÅFJORD","g":"trond","po":"6","c":3120}},{"type":"Feature","geometry":{"type":"Point","coordinates":[11.38887,64.64387]},"properties":{"id":10409,"n":"KJELNESET","k":"NAMSOS","g":"trond","po":"7","c":5460}},{"type":"Feature","geometry":{"type":"Point","coordinates":[11.44087,64.77393]},"properties":{"id":10410,"n":"HINDHOLMEN","k":"NÆRØYSUND","g":"trond","po":null,"c":975}},{"type":"Feature","geometry":{"type":"Point","coordinates":[11.91045,64.92828]},"properties":{"id":10421,"n":"STORVIKBUKTA","k":"NÆRØYSUND","g":"trond","po":"7","c":3120}},{"type":"Feature","geometry":{"type":"Point","coordinates":[12.07198,65.12658]},"properties":{"id":10425,"n":"HEGGVIKA","k":"BINDAL","g":"trond","po":"7","c":5080}},{"type":"Feature","geometry":{"type":"Point","coordinates":[12.2872,65.85145]},"properties":{"id":10447,"n":"MEFALDSKJÆRET","k":"ALSTAHAUG","g":"nordl","po":"8","c":6240}},{"type":"Feature","geometry":{"type":"Point","coordinates":[14.6153,68.78193]},"properties":{"id":10504,"n":"VEDVIKA","k":"BØ I NORDLAND","g":"nordl","po":"9","c":1560}},{"type":"Feature","geometry":{"type":"Point","coordinates":[14.70727,68.58393]},"properties":{"id":10505,"n":"DRAGNES","k":"HADSEL","g":"nordl","po":"9","c":3900}},{"type":"Feature","geometry":{"type":"Point","coordinates":[15.51075,67.45868]},"properties":{"id":10513,"n":"NEDRE KVARV","k":"SØRFOLD","g":"nordl","po":"9","c":5400}},{"type":"Feature","geometry":{"type":"Point","coordinates":[15.29955,68.0213]},"properties":{"id":10518,"n":"HORSVÅGEN","k":"HAMARØY","g":"nordl","po":"9","c":2340}},{"type":"Feature","geometry":{"type":"Point","coordinates":[16.48187,69.03158]},"properties":{"id":10536,"n":"HØGHOLMEN","k":"HARSTAD","g":"nord","po":"10","c":6615}},{"type":"Feature","geometry":{"type":"Point","coordinates":[17.01508,69.18712]},"properties":{"id":10544,"n":"FLAKSTADVÅG","k":"SENJA","g":"nord","po":"10","c":3600}},{"type":"Feature","geometry":{"type":"Point","coordinates":[17.30968,68.72838]},"properties":{"id":10550,"n":"SKARDBERGVIKA","k":"GRATANGEN","g":"nord","po":"10","c":3120}},{"type":"Feature","geometry":{"type":"Point","coordinates":[17.48803,68.89683]},"properties":{"id":10552,"n":"STORVIKA III","k":"SALANGEN","g":"nord","po":"10","c":4500}},{"type":"Feature","geometry":{"type":"Point","coordinates":[21.70608,70.24992]},"properties":{"id":10611,"n":"MARØYA","k":"LOPPA","g":"nord","po":"12","c":7560}},{"type":"Feature","geometry":{"type":"Point","coordinates":[23.30622,70.26302]},"properties":{"id":10614,"n":"KRÅKEVIK","k":"ALTA","g":"nord","po":"12","c":4424}},{"type":"Feature","geometry":{"type":"Point","coordinates":[23.39788,70.57315]},"properties":{"id":10616,"n":"VINNALANDET","k":"HAMMERFEST","g":"nord","po":"12","c":6180}},{"type":"Feature","geometry":{"type":"Point","coordinates":[24.07557,70.57253]},"properties":{"id":10635,"n":"TOKNEBUKTNESET","k":"HAMMERFEST","g":"nord","po":"12","c":3600}},{"type":"Feature","geometry":{"type":"Point","coordinates":[25.63698,70.7514]},"properties":{"id":10652,"n":"VEDBOTN","k":"NORDKAPP","g":"nord","po":"12","c":3600}},{"type":"Feature","geometry":{"type":"Point","coordinates":[24.94472,70.88918]},"properties":{"id":10660,"n":"SKINNSTAKKVIKA","k":"MÅSØY","g":"nord","po":"12","c":4000}},{"type":"Feature","geometry":{"type":"Point","coordinates":[20.71782,69.81612]},"properties":{"id":10724,"n":"KLOKKSTEIN","k":"NORDREISA","g":"nord","po":"11","c":3600}},{"type":"Feature","geometry":{"type":"Point","coordinates":[20.71397,69.86008]},"properties":{"id":10726,"n":"ULØYBUKT","k":"SKJERVØY","g":"nord","po":"11","c":3590}},{"type":"Feature","geometry":{"type":"Point","coordinates":[20.51043,69.57835]},"properties":{"id":10734,"n":"GOURTESJOUKA","k":"GÁIVUOTNA - KÅFJORD - KAIVUONO","g":"nord","po":"11","c":3600}},{"type":"Feature","geometry":{"type":"Point","coordinates":[20.31492,69.66327]},"properties":{"id":10735,"n":"ÅRØYA","k":"LYNGEN","g":"nord","po":"11","c":5400}},{"type":"Feature","geometry":{"type":"Point","coordinates":[19.58773,69.95135]},"properties":{"id":10747,"n":"FUTNES","k":"KARLSØY","g":"nord","po":"11","c":3600}},{"type":"Feature","geometry":{"type":"Point","coordinates":[19.43508,69.88185]},"properties":{"id":10753,"n":"STRANDMO","k":"KARLSØY","g":"nord","po":"11","c":3600}},{"type":"Feature","geometry":{"type":"Point","coordinates":[19.36147,69.83302]},"properties":{"id":10754,"n":"GLIMBUKTA","k":"KARLSØY","g":"nord","po":"11","c":2700}},{"type":"Feature","geometry":{"type":"Point","coordinates":[19.34107,70.0722]},"properties":{"id":10757,"n":"DÅVØYA","k":"KARLSØY","g":"nord","po":"11","c":7200}},{"type":"Feature","geometry":{"type":"Point","coordinates":[19.30487,70.06635]},"properties":{"id":10759,"n":"KARANES","k":"KARLSØY","g":"nord","po":"11","c":5400}},{"type":"Feature","geometry":{"type":"Point","coordinates":[23.46588,70.2875]},"properties":{"id":10789,"n":"STORE LERRESFJORD","k":"ALTA","g":"nord","po":"12","c":4425}},{"type":"Feature","geometry":{"type":"Point","coordinates":[23.48453,70.38403]},"properties":{"id":10790,"n":"OLDERFJORD","k":"HAMMERFEST","g":"nord","po":"12","c":5670}},{"type":"Feature","geometry":{"type":"Point","coordinates":[23.40028,70.28637]},"properties":{"id":10791,"n":"NORDNES","k":"ALTA","g":"nord","po":"12","c":3480}},{"type":"Feature","geometry":{"type":"Point","coordinates":[23.22383,70.12422]},"properties":{"id":10794,"n":"MORTENSNES","k":"ALTA","g":"nord","po":"12","c":5400}},{"type":"Feature","geometry":{"type":"Point","coordinates":[22.2785,70.2122]},"properties":{"id":10795,"n":"OLANESET","k":"LOPPA","g":"nord","po":"12","c":3600}},{"type":"Feature","geometry":{"type":"Point","coordinates":[21.81102,70.19945]},"properties":{"id":10796,"n":"HUNDBERGAN","k":"LOPPA","g":"nord","po":"12","c":3480}},{"type":"Feature","geometry":{"type":"Point","coordinates":[21.87517,69.90413]},"properties":{"id":10803,"n":"FJELLBUKT","k":"KVÆNANGEN","g":"nord","po":"11","c":5400}},{"type":"Feature","geometry":{"type":"Point","coordinates":[21.82898,69.85198]},"properties":{"id":10804,"n":"KARVIKA","k":"KVÆNANGEN","g":"nord","po":"11","c":2700}},{"type":"Feature","geometry":{"type":"Point","coordinates":[21.72998,69.88507]},"properties":{"id":10806,"n":"RAKKENES","k":"KVÆNANGEN","g":"nord","po":"11","c":5400}},{"type":"Feature","geometry":{"type":"Point","coordinates":[21.59877,69.91225]},"properties":{"id":10808,"n":"HJELLBERGET","k":"KVÆNANGEN","g":"nord","po":"11","c":5400}},{"type":"Feature","geometry":{"type":"Point","coordinates":[23.33038,70.1337]},"properties":{"id":10811,"n":"ELVA I ÅRØYSUNDET","k":"ALTA","g":"nord","po":"12","c":1800}},{"type":"Feature","geometry":{"type":"Point","coordinates":[23.28235,70.23742]},"properties":{"id":10814,"n":"MÅRSANJARGA","k":"ALTA","g":"nord","po":"12","c":2700}},{"type":"Feature","geometry":{"type":"Point","coordinates":[22.75517,70.091]},"properties":{"id":10819,"n":"EIDSNES","k":"ALTA","g":"nord","po":"12","c":1800}},{"type":"Feature","geometry":{"type":"Point","coordinates":[22.70537,70.09005]},"properties":{"id":10821,"n":"TUVAN","k":"ALTA","g":"nord","po":"12","c":3480}},{"type":"Feature","geometry":{"type":"Point","coordinates":[22.6618,70.08587]},"properties":{"id":10822,"n":"RIVARBUKT","k":"ALTA","g":"nord","po":"12","c":3480}},{"type":"Feature","geometry":{"type":"Point","coordinates":[22.30807,70.15147]},"properties":{"id":10825,"n":"STEINVIKNES","k":"LOPPA","g":"nord","po":"12","c":2700}},{"type":"Feature","geometry":{"type":"Point","coordinates":[23.5579,70.5382]},"properties":{"id":10828,"n":"KLEPPENES N","k":"HAMMERFEST","g":"nord","po":"12","c":5400}},{"type":"Feature","geometry":{"type":"Point","coordinates":[23.18493,70.66655]},"properties":{"id":10837,"n":"KRAKEN","k":"HAMMERFEST","g":"nord","po":"12","c":5999}},{"type":"Feature","geometry":{"type":"Point","coordinates":[23.10952,70.62652]},"properties":{"id":10838,"n":"SLETTNESFJORD","k":"HAMMERFEST","g":"nord","po":"12","c":7560}},{"type":"Feature","geometry":{"type":"Point","coordinates":[23.07912,70.35332]},"properties":{"id":10839,"n":"STORE KUFJORD","k":"ALTA","g":"nord","po":"12","c":2700}},{"type":"Feature","geometry":{"type":"Point","coordinates":[22.97297,70.34752]},"properties":{"id":10840,"n":"LILLE KUFJORD","k":"ALTA","g":"nord","po":"12","c":4500}},{"type":"Feature","geometry":{"type":"Point","coordinates":[22.80507,70.3413]},"properties":{"id":10841,"n":"POLLEN","k":"ALTA","g":"nord","po":"12","c":1800}},{"type":"Feature","geometry":{"type":"Point","coordinates":[12.43813,65.10832]},"properties":{"id":10858,"n":"MULINGEN","k":"BINDAL","g":"trond","po":"7","c":2860}},{"type":"Feature","geometry":{"type":"Point","coordinates":[12.32147,65.11767]},"properties":{"id":10862,"n":"BÅSEN","k":"BINDAL","g":"trond","po":"7","c":2860}},{"type":"Feature","geometry":{"type":"Point","coordinates":[12.56287,65.44635]},"properties":{"id":10876,"n":"ISTERVIKA","k":"BRØNNØY","g":"nordl","po":"8","c":4680}},{"type":"Feature","geometry":{"type":"Point","coordinates":[12.54943,65.45742]},"properties":{"id":10877,"n":"MORTENØY","k":"BRØNNØY","g":"nordl","po":"8","c":3120}},{"type":"Feature","geometry":{"type":"Point","coordinates":[12.07285,66.50412]},"properties":{"id":10893,"n":"RENSØYA N","k":"TRÆNA","g":"nordl","po":"8","c":3600}},{"type":"Feature","geometry":{"type":"Point","coordinates":[12.135,65.47138]},"properties":{"id":10898,"n":"LAMHOLMEN","k":"BRØNNØY","g":"nordl","po":"8","c":1560}},{"type":"Feature","geometry":{"type":"Point","coordinates":[12.6242,65.80763]},"properties":{"id":10961,"n":"SKONSENG","k":"VEFSN","g":"nordl","po":"8","c":3120}},{"type":"Feature","geometry":{"type":"Point","coordinates":[12.4117,66.40072]},"properties":{"id":10974,"n":"STORE BUKKØY N","k":"LURØY","g":"nordl","po":"8","c":3120}},{"type":"Feature","geometry":{"type":"Point","coordinates":[12.37142,66.3673]},"properties":{"id":10978,"n":"NAUSTHOLMEN","k":"LURØY","g":"nordl","po":null,"c":520}},{"type":"Feature","geometry":{"type":"Point","coordinates":[12.35057,66.01325]},"properties":{"id":10989,"n":"LABUKTA V","k":"HERØY I NORDLAND","g":"nordl","po":"8","c":1560}},{"type":"Feature","geometry":{"type":"Point","coordinates":[12.31227,66.22887]},"properties":{"id":10990,"n":"LILLE ÅSVÆR","k":"DØNNA","g":"nordl","po":"8","c":6240}},{"type":"Feature","geometry":{"type":"Point","coordinates":[12.22097,65.90735]},"properties":{"id":11015,"n":"BRATTHOLMEN","k":"HERØY I NORDLAND","g":"nordl","po":"8","c":4680}},{"type":"Feature","geometry":{"type":"Point","coordinates":[12.06562,66.07035]},"properties":{"id":11041,"n":"NORD GÅSVÆR","k":"HERØY I NORDLAND","g":"nordl","po":"8","c":5999}},{"type":"Feature","geometry":{"type":"Point","coordinates":[13.62412,66.69935]},"properties":{"id":11072,"n":"RENDALSVIK","k":"MELØY","g":"nordl","po":"8","c":3120}},{"type":"Feature","geometry":{"type":"Point","coordinates":[13.39163,66.66908]},"properties":{"id":11074,"n":"KVALVIKA","k":"RØDØY","g":"nordl","po":"8","c":3120}},{"type":"Feature","geometry":{"type":"Point","coordinates":[13.31752,66.67573]},"properties":{"id":11076,"n":"DIGERMULEN","k":"RØDØY","g":"nordl","po":"8","c":3120}},{"type":"Feature","geometry":{"type":"Point","coordinates":[12.99458,66.64097]},"properties":{"id":11087,"n":"BUKKØYA Ø","k":"RØDØY","g":"nordl","po":"8","c":3600}},{"type":"Feature","geometry":{"type":"Point","coordinates":[14.2684,67.10783]},"properties":{"id":11112,"n":"KJERKVIKA","k":"GILDESKÅL","g":"nordl","po":"8","c":780}},{"type":"Feature","geometry":{"type":"Point","coordinates":[14.02533,67.05783]},"properties":{"id":11116,"n":"LANGHOLMEN","k":"GILDESKÅL","g":"nordl","po":"8","c":780}},{"type":"Feature","geometry":{"type":"Point","coordinates":[13.94758,67.073]},"properties":{"id":11122,"n":"RØSSØYA N","k":"GILDESKÅL","g":"nordl","po":"8","c":3120}},{"type":"Feature","geometry":{"type":"Point","coordinates":[13.85685,67.08392]},"properties":{"id":11129,"n":"NORDFUGLØY","k":"GILDESKÅL","g":"nordl","po":"8","c":6240}},{"type":"Feature","geometry":{"type":"Point","coordinates":[13.56122,66.7152]},"properties":{"id":11138,"n":"SKÅLSVIKA","k":"MELØY","g":"nordl","po":"8","c":3600}},{"type":"Feature","geometry":{"type":"Point","coordinates":[13.17138,66.76948]},"properties":{"id":11144,"n":"SVINVÆR","k":"RØDØY","g":"nordl","po":"8","c":6240}},{"type":"Feature","geometry":{"type":"Point","coordinates":[14.84808,68.43512]},"properties":{"id":11162,"n":"BULLATHOLMEN","k":"HADSEL","g":"nordl","po":"9","c":1560}},{"type":"Feature","geometry":{"type":"Point","coordinates":[14.76922,68.27038]},"properties":{"id":11168,"n":"ODDVÆRSÆTRA","k":"VÅGAN","g":"nordl","po":"9","c":1560}},{"type":"Feature","geometry":{"type":"Point","coordinates":[14.44672,68.20727]},"properties":{"id":11179,"n":"ALTEROSEN","k":"VÅGAN","g":"nordl","po":null,"c":78}},{"type":"Feature","geometry":{"type":"Point","coordinates":[13.74305,68.11055]},"properties":{"id":11193,"n":"GAMSKJÆRAN","k":"VESTVÅGØY","g":"nordl","po":"9","c":1560}},{"type":"Feature","geometry":{"type":"Point","coordinates":[13.73697,68.09083]},"properties":{"id":11198,"n":"GEITERØYA I","k":"VESTVÅGØY","g":"nordl","po":"9","c":1560}},{"type":"Feature","geometry":{"type":"Point","coordinates":[13.69215,68.0871]},"properties":{"id":11201,"n":"KOLVIKODDEN Ø","k":"VESTVÅGØY","g":"nordl","po":"9","c":1560}},{"type":"Feature","geometry":{"type":"Point","coordinates":[13.63532,68.09273]},"properties":{"id":11205,"n":"OTERHOLMEN I","k":"VESTVÅGØY","g":"nordl","po":"9","c":1560}},{"type":"Feature","geometry":{"type":"Point","coordinates":[14.98513,68.91765]},"properties":{"id":11225,"n":"JUVÅGEN","k":"ØKSNES","g":"nordl","po":"9","c":2340}},{"type":"Feature","geometry":{"type":"Point","coordinates":[14.96072,68.57433]},"properties":{"id":11230,"n":"BØRØYA SLAKTEMERD","k":"HADSEL","g":"nordl","po":null,"c":1200}},{"type":"Feature","geometry":{"type":"Point","coordinates":[14.86638,68.80338]},"properties":{"id":11238,"n":"LANGØYHOVDEN","k":"ØKSNES","g":"nordl","po":"9","c":3120}},{"type":"Feature","geometry":{"type":"Point","coordinates":[14.7101,68.81738]},"properties":{"id":11248,"n":"BONHAMMAREN","k":"BØ I NORDLAND","g":"nordl","po":"9","c":1560}},{"type":"Feature","geometry":{"type":"Point","coordinates":[14.62613,68.79065]},"properties":{"id":11251,"n":"HYSJORDA","k":"BØ I NORDLAND","g":"nordl","po":"9","c":1560}},{"type":"Feature","geometry":{"type":"Point","coordinates":[14.59797,68.78492]},"properties":{"id":11252,"n":"VINDHAMMEREN","k":"BØ I NORDLAND","g":"nordl","po":"9","c":1100}},{"type":"Feature","geometry":{"type":"Point","coordinates":[15.44402,67.52995]},"properties":{"id":11269,"n":"JEKTVIKA I","k":"SØRFOLD","g":"nordl","po":"9","c":1560}},{"type":"Feature","geometry":{"type":"Point","coordinates":[15.4048,67.13697]},"properties":{"id":11272,"n":"ØKSENGÅRD","k":"SALTDAL","g":"nordl","po":"8","c":3120}},{"type":"Feature","geometry":{"type":"Point","coordinates":[15.39887,67.24303]},"properties":{"id":11273,"n":"SKYSSELVIKA V","k":"FAUSKE","g":"nordl","po":"8","c":2200}},{"type":"Feature","geometry":{"type":"Point","coordinates":[16.13412,68.19825]},"properties":{"id":11290,"n":"STORMNESET","k":"HAMARØY","g":"nordl","po":"9","c":3120}},{"type":"Feature","geometry":{"type":"Point","coordinates":[15.86738,68.42872]},"properties":{"id":11298,"n":"STORØYA NØ","k":"LØDINGEN","g":"nordl","po":"9","c":1560}},{"type":"Feature","geometry":{"type":"Point","coordinates":[15.80827,67.96265]},"properties":{"id":11303,"n":"VEGGFJELL","k":"HAMARØY","g":"nordl","po":"9","c":5500}},{"type":"Feature","geometry":{"type":"Point","coordinates":[15.50317,67.93948]},"properties":{"id":11312,"n":"SVARTFJELL","k":"STEIGEN","g":"nordl","po":"9","c":3600}},{"type":"Feature","geometry":{"type":"Point","coordinates":[15.3812,67.7267]},"properties":{"id":11315,"n":"HELLARVIKA","k":"STEIGEN","g":"nordl","po":"9","c":5000}},{"type":"Feature","geometry":{"type":"Point","coordinates":[15.31873,68.37535]},"properties":{"id":11318,"n":"HALLVARDØY","k":"LØDINGEN","g":"nordl","po":"9","c":4680}},{"type":"Feature","geometry":{"type":"Point","coordinates":[15.31052,67.97517]},"properties":{"id":11320,"n":"OKSØY","k":"STEIGEN","g":"nordl","po":"9","c":5400}},{"type":"Feature","geometry":{"type":"Point","coordinates":[17.45708,69.017]},"properties":{"id":11326,"n":"SKØYEN","k":"DYRØY","g":"nord","po":"10","c":2700}},{"type":"Feature","geometry":{"type":"Point","coordinates":[17.34348,68.72655]},"properties":{"id":11330,"n":"ÅMUNDSVIKA","k":"GRATANGEN","g":"nord","po":"10","c":2700}},{"type":"Feature","geometry":{"type":"Point","coordinates":[17.28228,68.78055]},"properties":{"id":11332,"n":"MYRLANDSHAUG","k":"GRATANGEN","g":"nord","po":"10","c":5500}},{"type":"Feature","geometry":{"type":"Point","coordinates":[17.22607,68.73207]},"properties":{"id":11334,"n":"SKJÆRVIKA","k":"GRATANGEN","g":"nord","po":"10","c":5900}},{"type":"Feature","geometry":{"type":"Point","coordinates":[17.13882,68.71948]},"properties":{"id":11338,"n":"YTRE STRÆTE","k":"TJELDSUND","g":"nord","po":"10","c":6600}},{"type":"Feature","geometry":{"type":"Point","coordinates":[17.14895,68.92542]},"properties":{"id":11339,"n":"ÅNDERKLEIVA","k":"IBESTAD","g":"nord","po":"10","c":6500}},{"type":"Feature","geometry":{"type":"Point","coordinates":[17.10922,68.88618]},"properties":{"id":11340,"n":"BJØRNSTEIN","k":"IBESTAD","g":"nord","po":"10","c":6500}},{"type":"Feature","geometry":{"type":"Point","coordinates":[17.0887,69.25753]},"properties":{"id":11350,"n":"LAVIKA","k":"SENJA","g":"nord","po":"10","c":4680}},{"type":"Feature","geometry":{"type":"Point","coordinates":[17.02222,68.71725]},"properties":{"id":11351,"n":"TROLLVIKA","k":"TJELDSUND","g":"nord","po":"10","c":5900}},{"type":"Feature","geometry":{"type":"Point","coordinates":[17.025,69.24667]},"properties":{"id":11355,"n":"FLESEN","k":"SENJA","g":"nord","po":"10","c":3600}},{"type":"Feature","geometry":{"type":"Point","coordinates":[17.00993,69.14668]},"properties":{"id":11357,"n":"SKARVBERGET","k":"SENJA","g":"nord","po":"10","c":4500}},{"type":"Feature","geometry":{"type":"Point","coordinates":[16.91017,68.72758]},"properties":{"id":11363,"n":"ENKELTSTEIN","k":"IBESTAD","g":"nord","po":"10","c":5900}},{"type":"Feature","geometry":{"type":"Point","coordinates":[16.91595,69.1959]},"properties":{"id":11364,"n":"ÅRBERG","k":"SENJA","g":"nord","po":"10","c":4500}},{"type":"Feature","geometry":{"type":"Point","coordinates":[16.88373,69.0505]},"properties":{"id":11365,"n":"GJERVIKA","k":"SENJA","g":"nord","po":"10","c":4500}},{"type":"Feature","geometry":{"type":"Point","coordinates":[16.53467,68.98167]},"properties":{"id":11378,"n":"ØVERGÅRDEN","k":"HARSTAD","g":"nord","po":"10","c":2700}},{"type":"Feature","geometry":{"type":"Point","coordinates":[16.5382,68.96237]},"properties":{"id":11381,"n":"DYPINGEN","k":"HARSTAD","g":"nord","po":"10","c":3900}},{"type":"Feature","geometry":{"type":"Point","coordinates":[16.49187,68.9808]},"properties":{"id":11385,"n":"VESTNES","k":"HARSTAD","g":"nord","po":"10","c":3900}},{"type":"Feature","geometry":{"type":"Point","coordinates":[15.90402,68.65683]},"properties":{"id":11399,"n":"BOGELVA","k":"KVÆFJORD","g":"nord","po":"10","c":3600}},{"type":"Feature","geometry":{"type":"Point","coordinates":[15.48207,68.63045]},"properties":{"id":11405,"n":"INNERBROKLØYSA","k":"SORTLAND","g":"nordl","po":"9","c":3120}},{"type":"Feature","geometry":{"type":"Point","coordinates":[15.38108,68.61167]},"properties":{"id":11410,"n":"LITLEØYA","k":"SORTLAND","g":"nordl","po":"9","c":1280}},{"type":"Feature","geometry":{"type":"Point","coordinates":[15.31457,68.88583]},"properties":{"id":11413,"n":"SANDAN SØ","k":"ØKSNES","g":"nordl","po":"9","c":2340}},{"type":"Feature","geometry":{"type":"Point","coordinates":[15.28675,68.9027]},"properties":{"id":11416,"n":"ALSVÅG","k":"ØKSNES","g":"nord","po":null,"c":439}},{"type":"Feature","geometry":{"type":"Point","coordinates":[17.91993,69.50228]},"properties":{"id":11433,"n":"FINNVIKA S","k":"SENJA","g":"nord","po":"10","c":4500}},{"type":"Feature","geometry":{"type":"Point","coordinates":[5.09895,59.42878]},"properties":{"id":11435,"n":"BRYGGELANDSHOLMANE","k":"HAUGESUND","g":"vest","po":"3","c":3300}},{"type":"Feature","geometry":{"type":"Point","coordinates":[5.47263,59.17973]},"properties":{"id":11438,"n":"LAUPLANDSHOLMEN","k":"BOKN","g":"rog","po":"2","c":3600}},{"type":"Feature","geometry":{"type":"Point","coordinates":[5.30332,60.04412]},"properties":{"id":11488,"n":"BRATTAVIKA","k":"AUSTEVOLL","g":"vest","po":"3","c":5460}},{"type":"Feature","geometry":{"type":"Point","coordinates":[5.30565,59.83808]},"properties":{"id":11492,"n":"STOREVIKHOLMEN","k":"FITJAR","g":"vest","po":"3","c":2340}},{"type":"Feature","geometry":{"type":"Point","coordinates":[5.25248,59.62797]},"properties":{"id":11511,"n":"HATTASTEINEN","k":"BØMLO","g":"vest","po":"3","c":3120}},{"type":"Feature","geometry":{"type":"Point","coordinates":[5.24712,59.63648]},"properties":{"id":11513,"n":"ANDAL","k":"BØMLO","g":"vest","po":"3","c":3120}},{"type":"Feature","geometry":{"type":"Point","coordinates":[5.14418,60.08163]},"properties":{"id":11525,"n":"STILLE S","k":"AUSTEVOLL","g":"vest","po":"3","c":1560}},{"type":"Feature","geometry":{"type":"Point","coordinates":[5.16007,59.62358]},"properties":{"id":11530,"n":"GISSØYSUNDET S","k":"BØMLO","g":"vest","po":"3","c":3120}},{"type":"Feature","geometry":{"type":"Point","coordinates":[5.09113,60.17498]},"properties":{"id":11533,"n":"USHOLMSVIKA","k":"ØYGARDEN","g":"vest","po":"3","c":1560}},{"type":"Feature","geometry":{"type":"Point","coordinates":[5.16157,59.59678]},"properties":{"id":11534,"n":"KLUNGSHOLMEN","k":"BØMLO","g":"vest","po":"3","c":3900}},{"type":"Feature","geometry":{"type":"Point","coordinates":[5.12942,59.79958]},"properties":{"id":11537,"n":"ØKLANDSVÅGEN","k":"BØMLO","g":"vest","po":null,"c":1300}},{"type":"Feature","geometry":{"type":"Point","coordinates":[5.08008,60.02047]},"properties":{"id":11543,"n":"BUHOLMEN","k":"AUSTEVOLL","g":"vest","po":"3","c":5460}},{"type":"Feature","geometry":{"type":"Point","coordinates":[4.97847,60.24952]},"properties":{"id":11552,"n":"STUHOLMEN","k":"ØYGARDEN","g":"vest","po":"3","c":780}},{"type":"Feature","geometry":{"type":"Point","coordinates":[5.40417,59.65735]},"properties":{"id":11559,"n":"GRIMSHOLMEN","k":"SVEIO","g":"vest","po":"3","c":3120}},{"type":"Feature","geometry":{"type":"Point","coordinates":[5.32265,59.77657]},"properties":{"id":11571,"n":"HOLEVIK","k":"BØMLO","g":"vest","po":"3","c":2340}},{"type":"Feature","geometry":{"type":"Point","coordinates":[5.31215,59.67118]},"properties":{"id":11574,"n":"BREIVIK S","k":"BØMLO","g":"vest","po":"3","c":3120}},{"type":"Feature","geometry":{"type":"Point","coordinates":[5.28875,59.86117]},"properties":{"id":11575,"n":"KOLØY N","k":"FITJAR","g":"vest","po":"3","c":2340}},{"type":"Feature","geometry":{"type":"Point","coordinates":[5.15933,59.90715]},"properties":{"id":11605,"n":"SOLØY Ø","k":"FITJAR","g":"vest","po":"3","c":2340}},{"type":"Feature","geometry":{"type":"Point","coordinates":[5.11053,60.1386]},"properties":{"id":11611,"n":"NAVEIDE","k":"AUSTEVOLL","g":"vest","po":"3","c":3120}},{"type":"Feature","geometry":{"type":"Point","coordinates":[5.10053,59.7879]},"properties":{"id":11633,"n":"KROSSHOLMEN","k":"BØMLO","g":"vest","po":"3","c":3120}},{"type":"Feature","geometry":{"type":"Point","coordinates":[4.9421,60.33247]},"properties":{"id":11640,"n":"SKORPEOSEN","k":"ØYGARDEN","g":"vest","po":"3","c":3600}},{"type":"Feature","geometry":{"type":"Point","coordinates":[5.26212,61.20092]},"properties":{"id":11643,"n":"HATLEM Ø","k":"HYLLESTAD","g":"vest","po":"4","c":2340}},{"type":"Feature","geometry":{"type":"Point","coordinates":[5.2946,60.80783]},"properties":{"id":11644,"n":"DUESUND","k":"MASFJORDEN","g":"vest","po":"4","c":3120}},{"type":"Feature","geometry":{"type":"Point","coordinates":[5.12648,60.60465]},"properties":{"id":11649,"n":"STOLANE","k":"ALVER","g":"vest","po":"4","c":3120}},{"type":"Feature","geometry":{"type":"Point","coordinates":[5.06192,60.43262]},"properties":{"id":11651,"n":"RAMSØY S","k":"ASKØY","g":"vest","po":"3","c":3120}},{"type":"Feature","geometry":{"type":"Point","coordinates":[5.03513,60.54362]},"properties":{"id":11652,"n":"KJEPPEVIKHOLMEN","k":"ALVER","g":"vest","po":"4","c":3900}},{"type":"Feature","geometry":{"type":"Point","coordinates":[4.93528,60.86308]},"properties":{"id":11657,"n":"GRÅVIKA","k":"GULEN","g":"vest","po":"4","c":3500}},{"type":"Feature","geometry":{"type":"Point","coordinates":[4.88628,60.75258]},"properties":{"id":11665,"n":"JIBBERSHOLMANE","k":"ALVER","g":"vest","po":"4","c":3620}},{"type":"Feature","geometry":{"type":"Point","coordinates":[4.90462,60.5399]},"properties":{"id":11667,"n":"GARDSKRÅNESET","k":"ØYGARDEN","g":"vest","po":"4","c":3120}},{"type":"Feature","geometry":{"type":"Point","coordinates":[5.19043,60.57813]},"properties":{"id":11687,"n":"RAMSVIK","k":"ALVER","g":"vest","po":"4","c":2500}},{"type":"Feature","geometry":{"type":"Point","coordinates":[5.08168,61.19067]},"properties":{"id":11688,"n":"PORTEVIKA","k":"HYLLESTAD","g":"vest","po":"4","c":2340}},{"type":"Feature","geometry":{"type":"Point","coordinates":[5.10718,60.96022]},"properties":{"id":11689,"n":"KJERRINGNESET","k":"GULEN","g":"vest","po":"4","c":3120}},{"type":"Feature","geometry":{"type":"Point","coordinates":[5.15972,60.59577]},"properties":{"id":11690,"n":"GRASHOLMEN","k":"ALVER","g":"vest","po":"4","c":3120}},{"type":"Feature","geometry":{"type":"Point","coordinates":[5.02837,60.87635]},"properties":{"id":11700,"n":"STORENESET","k":"GULEN","g":"vest","po":"4","c":3120}},{"type":"Feature","geometry":{"type":"Point","coordinates":[4.94345,61.0675]},"properties":{"id":11714,"n":"KVERNHUSVIKA","k":"SOLUND","g":"vest","po":"4","c":3600}},{"type":"Feature","geometry":{"type":"Point","coordinates":[4.9203,61.05835]},"properties":{"id":11719,"n":"KRÅKENES","k":"SOLUND","g":"vest","po":"4","c":2340}},{"type":"Feature","geometry":{"type":"Point","coordinates":[4.90485,61.09827]},"properties":{"id":11721,"n":"BUKKEHOLMEN","k":"SOLUND","g":"vest","po":"4","c":780}},{"type":"Feature","geometry":{"type":"Point","coordinates":[4.86702,61.05608]},"properties":{"id":11736,"n":"FUREHOLMEN S","k":"SOLUND","g":"vest","po":"4","c":2340}},{"type":"Feature","geometry":{"type":"Point","coordinates":[4.90868,60.68642]},"properties":{"id":11738,"n":"OTTERHOLMEN","k":"ALVER","g":"vest","po":"4","c":3600}},{"type":"Feature","geometry":{"type":"Point","coordinates":[4.93995,60.40477]},"properties":{"id":11740,"n":"HAVERØY","k":"ØYGARDEN","g":"vest","po":"3","c":4680}},{"type":"Feature","geometry":{"type":"Point","coordinates":[4.84538,60.94587]},"properties":{"id":11749,"n":"BÅRØY","k":"GULEN","g":"vest","po":"4","c":3120}},{"type":"Feature","geometry":{"type":"Point","coordinates":[4.8641,60.72788]},"properties":{"id":11754,"n":"BØØY","k":"ALVER","g":"vest","po":"4","c":1560}},{"type":"Feature","geometry":{"type":"Point","coordinates":[4.85353,60.77487]},"properties":{"id":11756,"n":"ALLERSHOLMEN","k":"AUSTRHEIM","g":"vest","po":"4","c":1560}},{"type":"Feature","geometry":{"type":"Point","coordinates":[4.86125,60.59395]},"properties":{"id":11758,"n":"SAUØY","k":"ØYGARDEN","g":"vest","po":"4","c":3120}},{"type":"Feature","geometry":{"type":"Point","coordinates":[4.81823,60.57347]},"properties":{"id":11763,"n":"KNAPPEN","k":"ØYGARDEN","g":"vest","po":"4","c":2340}},{"type":"Feature","geometry":{"type":"Point","coordinates":[4.72428,61.04395]},"properties":{"id":11767,"n":"LANGØY","k":"SOLUND","g":"vest","po":"4","c":1560}},{"type":"Feature","geometry":{"type":"Point","coordinates":[4.75983,60.68285]},"properties":{"id":11770,"n":"ROTØY","k":"ØYGARDEN","g":"vest","po":"4","c":3120}},{"type":"Feature","geometry":{"type":"Point","coordinates":[4.6925,60.79263]},"properties":{"id":11771,"n":"GRISHOLMSUNDET","k":"FEDJE","g":"vest","po":"4","c":1560}},{"type":"Feature","geometry":{"type":"Point","coordinates":[4.70075,60.78963]},"properties":{"id":11772,"n":"MOLDØYOSEN","k":"FEDJE","g":"vest","po":"4","c":1560}},{"type":"Feature","geometry":{"type":"Point","coordinates":[5.2203,61.46782]},"properties":{"id":11775,"n":"KVITESKJERET","k":"ASKVOLL","g":"vest","po":"4","c":3120}},{"type":"Feature","geometry":{"type":"Point","coordinates":[5.21533,61.55772]},"properties":{"id":11776,"n":"SVEHOLMANE","k":"KINN","g":"vest","po":"4","c":2340}},{"type":"Feature","geometry":{"type":"Point","coordinates":[5.08082,61.40663]},"properties":{"id":11783,"n":"HELLA","k":"ASKVOLL","g":"vest","po":"4","c":3120}},{"type":"Feature","geometry":{"type":"Point","coordinates":[4.96513,61.37475]},"properties":{"id":11786,"n":"HØYVIKA","k":"ASKVOLL","g":"vest","po":"4","c":3120}},{"type":"Feature","geometry":{"type":"Point","coordinates":[4.86463,61.63383]},"properties":{"id":11791,"n":"LANGERÅA","k":"KINN","g":"vest","po":"4","c":3120}},{"type":"Feature","geometry":{"type":"Point","coordinates":[4.7254,61.2843]},"properties":{"id":11793,"n":"ÅNNAHOLMANE","k":"ASKVOLL","g":"vest","po":"4","c":1560}},{"type":"Feature","geometry":{"type":"Point","coordinates":[5.17265,61.49087]},"properties":{"id":11800,"n":"AUSTNESTÅA","k":"KINN","g":"vest","po":"4","c":2340}},{"type":"Feature","geometry":{"type":"Point","coordinates":[5.16028,61.31722]},"properties":{"id":11803,"n":"KYRAVIKA","k":"FJALER","g":"vest","po":"4","c":4680}},{"type":"Feature","geometry":{"type":"Point","coordinates":[5.11837,61.50675]},"properties":{"id":11807,"n":"MARØYTÅA","k":"KINN","g":"vest","po":"4","c":3120}},{"type":"Feature","geometry":{"type":"Point","coordinates":[5.0616,61.89457]},"properties":{"id":11809,"n":"KRABBESTIG","k":"KINN","g":"vest","po":"4","c":5460}},{"type":"Feature","geometry":{"type":"Point","coordinates":[5.10132,61.30475]},"properties":{"id":11813,"n":"SVINØY V","k":"FJALER","g":"vest","po":"4","c":2340}},{"type":"Feature","geometry":{"type":"Point","coordinates":[5.07178,61.30567]},"properties":{"id":11814,"n":"FUREVIKA","k":"FJALER","g":"vest","po":"4","c":2340}},{"type":"Feature","geometry":{"type":"Point","coordinates":[4.80805,61.57565]},"properties":{"id":11833,"n":"FLÅTEGRUNNEN","k":"KINN","g":"vest","po":"4","c":5460}},{"type":"Feature","geometry":{"type":"Point","coordinates":[6.68495,58.22197]},"properties":{"id":11854,"n":"PINNEN","k":"FLEKKEFJORD","g":"sor","po":"1","c":6240}},{"type":"Feature","geometry":{"type":"Point","coordinates":[6.63277,58.22717]},"properties":{"id":11856,"n":"SALVÅGVIKA","k":"FLEKKEFJORD","g":"sor","po":"1","c":7020}},{"type":"Feature","geometry":{"type":"Point","coordinates":[6.63607,58.2079]},"properties":{"id":11857,"n":"BUKSEVIKA","k":"FLEKKEFJORD","g":"sor","po":"1","c":4680}},{"type":"Feature","geometry":{"type":"Point","coordinates":[6.5958,58.24148]},"properties":{"id":11861,"n":"SKIPNINGSDALEN","k":"FLEKKEFJORD","g":"sor","po":"1","c":6240}},{"type":"Feature","geometry":{"type":"Point","coordinates":[6.53678,58.24903]},"properties":{"id":11864,"n":"NAPP","k":"FLEKKEFJORD","g":"sor","po":"1","c":2340}},{"type":"Feature","geometry":{"type":"Point","coordinates":[6.14083,59.26878]},"properties":{"id":11893,"n":"FOSSÅ","k":"HJELMELAND","g":"rog","po":"2","c":3600}},{"type":"Feature","geometry":{"type":"Point","coordinates":[6.12322,58.87195]},"properties":{"id":11907,"n":"GRÅTNES","k":"SANDNES","g":"sor","po":null,"c":1000}},{"type":"Feature","geometry":{"type":"Point","coordinates":[6.12572,58.85533]},"properties":{"id":11908,"n":"OLTESVIK","k":"GJESDAL","g":"sor","po":null,"c":1400}},{"type":"Feature","geometry":{"type":"Point","coordinates":[6.0729,59.2933]},"properties":{"id":11913,"n":"KJEAHOLA","k":"STAVANGER","g":"rog","po":"2","c":7020}},{"type":"Feature","geometry":{"type":"Point","coordinates":[6.0258,59.46635]},"properties":{"id":11920,"n":"HERØY","k":"VINDAFJORD","g":"rog","po":"2","c":3600}},{"type":"Feature","geometry":{"type":"Point","coordinates":[6.07948,58.91008]},"properties":{"id":11922,"n":"OANES SJØ","k":"STRAND","g":"rog","po":"2","c":780}},{"type":"Feature","geometry":{"type":"Point","coordinates":[6.02053,59.39938]},"properties":{"id":11925,"n":"VINTRAVIKI","k":"SULDAL","g":"rog","po":"2","c":520}},{"type":"Feature","geometry":{"type":"Point","coordinates":[6.00448,59.23077]},"properties":{"id":11928,"n":"LANGAVIKA","k":"STAVANGER","g":"rog","po":"2","c":6720}},{"type":"Feature","geometry":{"type":"Point","coordinates":[5.99192,59.45165]},"properties":{"id":11930,"n":"BJELKAVIK","k":"SULDAL","g":"rog","po":"2","c":3900}},{"type":"Feature","geometry":{"type":"Point","coordinates":[5.96608,59.2051]},"properties":{"id":11939,"n":"SMAL SKAR","k":"STAVANGER","g":"rog","po":"2","c":2340}},{"type":"Feature","geometry":{"type":"Point","coordinates":[5.94782,58.95413]},"properties":{"id":11957,"n":"INDRE SLETTAVIKNESET","k":"SANDNES","g":"rog","po":"2","c":2340}},{"type":"Feature","geometry":{"type":"Point","coordinates":[5.86395,59.40665]},"properties":{"id":11964,"n":"RINGJA","k":"TYSVÆR","g":"rog","po":"2","c":4680}},{"type":"Feature","geometry":{"type":"Point","coordinates":[5.85378,59.22662]},"properties":{"id":11969,"n":"HELGØY","k":"STAVANGER","g":"rog","po":null,"c":600}},{"type":"Feature","geometry":{"type":"Point","coordinates":[5.867,58.97777]},"properties":{"id":11971,"n":"STORE TEISTHOLMEN Ø","k":"SANDNES","g":"rog","po":"2","c":4120}},{"type":"Feature","geometry":{"type":"Point","coordinates":[5.85203,59.11702]},"properties":{"id":11972,"n":"PRESTHOLMANE","k":"STAVANGER","g":"rog","po":"2","c":3120}},{"type":"Feature","geometry":{"type":"Point","coordinates":[5.72262,59.06428]},"properties":{"id":12003,"n":"ROSSHOLMEN N","k":"STAVANGER","g":"rog","po":"2","c":3600}},{"type":"Feature","geometry":{"type":"Point","coordinates":[5.71055,59.08215]},"properties":{"id":12007,"n":"DALE II","k":"STAVANGER","g":"rog","po":"2","c":780}},{"type":"Feature","geometry":{"type":"Point","coordinates":[5.6765,59.29042]},"properties":{"id":12011,"n":"HÅØYA NØ","k":"TYSVÆR","g":"rog","po":"2","c":2340}},{"type":"Feature","geometry":{"type":"Point","coordinates":[6.27483,60.39468]},"properties":{"id":12018,"n":"ROSSHOLMEN","k":"KVAM","g":"vest","po":"3","c":500}},{"type":"Feature","geometry":{"type":"Point","coordinates":[6.2014,60.24802]},"properties":{"id":12019,"n":"SALTKJELEN II","k":"ULLENSVANG","g":"vest","po":"3","c":2145}},{"type":"Feature","geometry":{"type":"Point","coordinates":[6.16585,60.2564]},"properties":{"id":12022,"n":"LJONESBJØRGENE","k":"KVAM","g":"vest","po":"3","c":3120}},{"type":"Feature","geometry":{"type":"Point","coordinates":[5.96762,60.19102]},"properties":{"id":12033,"n":"DYSVIK","k":"KVAM","g":"vest","po":"3","c":2340}},{"type":"Feature","geometry":{"type":"Point","coordinates":[5.9405,60.109]},"properties":{"id":12035,"n":"HONDSKÅR","k":"KVINNHERAD","g":"vest","po":"3","c":2340}},{"type":"Feature","geometry":{"type":"Point","coordinates":[5.9305,60.12612]},"properties":{"id":12036,"n":"HISDALEN","k":"KVINNHERAD","g":"vest","po":"3","c":2340}},{"type":"Feature","geometry":{"type":"Point","coordinates":[5.90918,59.97573]},"properties":{"id":12040,"n":"BRANDASKUTA","k":"KVINNHERAD","g":"vest","po":"3","c":2340}},{"type":"Feature","geometry":{"type":"Point","coordinates":[5.72195,60.17722]},"properties":{"id":12047,"n":"MJÅNESET","k":"BJØRNAFJORDEN","g":"vest","po":"3","c":1560}},{"type":"Feature","geometry":{"type":"Point","coordinates":[5.73678,60.07472]},"properties":{"id":12048,"n":"SKIFTESNESET N","k":"BJØRNAFJORDEN","g":"vest","po":"3","c":3120}},{"type":"Feature","geometry":{"type":"Point","coordinates":[5.57178,60.25002]},"properties":{"id":12067,"n":"ALDALEN","k":"BJØRNAFJORDEN","g":"vest","po":"3","c":1560}},{"type":"Feature","geometry":{"type":"Point","coordinates":[6.5131,59.55078]},"properties":{"id":12071,"n":"OMMUNDSTEIGEN","k":"SULDAL","g":"vest","po":null,"c":1040}},{"type":"Feature","geometry":{"type":"Point","coordinates":[6.31898,60.32422]},"properties":{"id":12074,"n":"SVÅSANDNESET","k":"ULLENSVANG","g":"vest","po":"3","c":3120}},{"type":"Feature","geometry":{"type":"Point","coordinates":[6.15768,60.21663]},"properties":{"id":12078,"n":"GANGDAL","k":"ULLENSVANG","g":"vest","po":"3","c":1560}},{"type":"Feature","geometry":{"type":"Point","coordinates":[6.14,60.22187]},"properties":{"id":12081,"n":"STRAUMNESET","k":"ULLENSVANG","g":"vest","po":"3","c":1560}},{"type":"Feature","geometry":{"type":"Point","coordinates":[5.90888,60.1216]},"properties":{"id":12095,"n":"BERGADALEN","k":"KVAM","g":"vest","po":"3","c":2340}},{"type":"Feature","geometry":{"type":"Point","coordinates":[5.82713,59.95323]},"properties":{"id":12108,"n":"SKORPO NV","k":"KVINNHERAD","g":"vest","po":"3","c":5460}},{"type":"Feature","geometry":{"type":"Point","coordinates":[5.8238,59.71443]},"properties":{"id":12109,"n":"EBNE","k":"ETNE","g":"vest","po":"3","c":3900}},{"type":"Feature","geometry":{"type":"Point","coordinates":[5.72362,59.69998]},"properties":{"id":12127,"n":"MÆLEN","k":"KVINNHERAD","g":"vest","po":"3","c":4680}},{"type":"Feature","geometry":{"type":"Point","coordinates":[5.72338,59.71813]},"properties":{"id":12128,"n":"DYRNES","k":"KVINNHERAD","g":"vest","po":"3","c":780}},{"type":"Feature","geometry":{"type":"Point","coordinates":[5.68732,59.76212]},"properties":{"id":12134,"n":"MARADALEN","k":"KVINNHERAD","g":"vest","po":"3","c":3900}},{"type":"Feature","geometry":{"type":"Point","coordinates":[5.56598,60.43515]},"properties":{"id":12156,"n":"BLOM","k":"OSTERØY","g":"vest","po":"4","c":3120}},{"type":"Feature","geometry":{"type":"Point","coordinates":[5.82545,61.09808]},"properties":{"id":12178,"n":"BJØNNSPJOTNESET","k":"HØYANGER","g":"vest","po":"4","c":2340}},{"type":"Feature","geometry":{"type":"Point","coordinates":[5.3136,61.46712]},"properties":{"id":12192,"n":"SKORVA","k":"ASKVOLL","g":"vest","po":"4","c":1560}},{"type":"Feature","geometry":{"type":"Point","coordinates":[6.02143,62.13512]},"properties":{"id":12209,"n":"RØNSTAD","k":"VOLDA","g":"more","po":"5","c":3900}},{"type":"Feature","geometry":{"type":"Point","coordinates":[5.97973,61.80282]},"properties":{"id":12212,"n":"LINDENESET","k":"GLOPPEN","g":"vest","po":"4","c":1560}},{"type":"Feature","geometry":{"type":"Point","coordinates":[5.94545,62.14532]},"properties":{"id":12213,"n":"KVANGARDSNES","k":"VOLDA","g":"more","po":"5","c":3120}},{"type":"Feature","geometry":{"type":"Point","coordinates":[5.97723,61.78593]},"properties":{"id":12215,"n":"KLEPPENESET","k":"GLOPPEN","g":"vest","po":"4","c":780}},{"type":"Feature","geometry":{"type":"Point","coordinates":[5.72338,61.87715]},"properties":{"id":12224,"n":"ISANE","k":"BREMANGER","g":"vest","po":"4","c":780}},{"type":"Feature","geometry":{"type":"Point","coordinates":[5.42072,62.11657]},"properties":{"id":12237,"n":"BRUDEVIKA","k":"VANYLVEN","g":"more","po":"5","c":5460}},{"type":"Feature","geometry":{"type":"Point","coordinates":[6.9624,62.83185]},"properties":{"id":12239,"n":"KRÅKNES","k":"AUKRA","g":"more","po":"5","c":3900}},{"type":"Feature","geometry":{"type":"Point","coordinates":[6.93928,62.72807]},"properties":{"id":12244,"n":"SETEVIKA","k":"MOLDE","g":"more","po":"5","c":3120}},{"type":"Feature","geometry":{"type":"Point","coordinates":[6.6021,62.45252]},"properties":{"id":12265,"n":"GUDMUNDSET","k":"ÅLESUND","g":"more","po":"5","c":3120}},{"type":"Feature","geometry":{"type":"Point","coordinates":[6.35722,62.66973]},"properties":{"id":12281,"n":"ROGNE","k":"HARAM","g":"more","po":"5","c":7800}},{"type":"Feature","geometry":{"type":"Point","coordinates":[6.22535,62.62257]},"properties":{"id":12294,"n":"KJERSTAD","k":"HARAM","g":"more","po":"5","c":6240}},{"type":"Feature","geometry":{"type":"Point","coordinates":[6.1417,62.54865]},"properties":{"id":12298,"n":"RØYSA","k":"GISKE","g":"more","po":"5","c":4680}},{"type":"Feature","geometry":{"type":"Point","coordinates":[6.092,62.3065]},"properties":{"id":12303,"n":"VARTDAL","k":"ØRSTA","g":"more","po":null,"c":780}},{"type":"Feature","geometry":{"type":"Point","coordinates":[6.00285,62.27488]},"properties":{"id":12308,"n":"BJØRNDAL","k":"ØRSTA","g":"more","po":"5","c":3120}},{"type":"Feature","geometry":{"type":"Point","coordinates":[8.99413,63.61718]},"properties":{"id":12348,"n":"KÅHOLMEN","k":"HITRA","g":"trond","po":"6","c":3900}},{"type":"Feature","geometry":{"type":"Point","coordinates":[8.91077,63.80197]},"properties":{"id":12357,"n":"AURSØYSVA","k":"FRØYA","g":"trond","po":"6","c":2860}},{"type":"Feature","geometry":{"type":"Point","coordinates":[8.86245,63.72205]},"properties":{"id":12361,"n":"BUKKHOLMEN S","k":"FRØYA","g":"trond","po":"6","c":3900}},{"type":"Feature","geometry":{"type":"Point","coordinates":[8.85457,63.79362]},"properties":{"id":12366,"n":"RASKJÆRET","k":"FRØYA","g":"trond","po":"6","c":2080}},{"type":"Feature","geometry":{"type":"Point","coordinates":[8.75728,63.67643]},"properties":{"id":12370,"n":"MÅØYDRAGA","k":"FRØYA","g":"trond","po":"6","c":2340}},{"type":"Feature","geometry":{"type":"Point","coordinates":[8.60175,63.79197]},"properties":{"id":12380,"n":"LANGØYA KVALØYA","k":"FRØYA","g":"trond","po":"6","c":2340}},{"type":"Feature","geometry":{"type":"Point","coordinates":[8.57557,63.63197]},"properties":{"id":12383,"n":"OMSØYHOLMAN","k":"HITRA","g":"trond","po":"6","c":6240}},{"type":"Feature","geometry":{"type":"Point","coordinates":[8.56742,63.80621]},"properties":{"id":12385,"n":"LYNGVÆR Ø II","k":"FRØYA","g":"trond","po":"6","c":1560}},{"type":"Feature","geometry":{"type":"Point","coordinates":[8.49213,63.60615]},"properties":{"id":12392,"n":"LILLE TORSØY","k":"HITRA","g":"trond","po":"6","c":7020}},{"type":"Feature","geometry":{"type":"Point","coordinates":[8.4477,63.76002]},"properties":{"id":12394,"n":"ØRNØYA","k":"FRØYA","g":"trond","po":"6","c":8580}},{"type":"Feature","geometry":{"type":"Point","coordinates":[8.88408,63.66453]},"properties":{"id":12406,"n":"RAUODDEN","k":"HITRA","g":"trond","po":"6","c":2340}},{"type":"Feature","geometry":{"type":"Point","coordinates":[8.87907,63.64485]},"properties":{"id":12407,"n":"FLESA","k":"HITRA","g":"trond","po":"6","c":1560}},{"type":"Feature","geometry":{"type":"Point","coordinates":[8.54788,63.87955]},"properties":{"id":12435,"n":"GRØTTINGSØY","k":"FRØYA","g":"trond","po":"6","c":10140}},{"type":"Feature","geometry":{"type":"Point","coordinates":[8.4444,63.80503]},"properties":{"id":12449,"n":"TENNØYA","k":"FRØYA","g":"trond","po":"6","c":6240}},{"type":"Feature","geometry":{"type":"Point","coordinates":[8.23727,63.3582]},"properties":{"id":12466,"n":"BRETTINGEN","k":"SMØLA","g":"trond","po":"6","c":5460}},{"type":"Feature","geometry":{"type":"Point","coordinates":[7.85217,63.45897]},"properties":{"id":12483,"n":"HJORTHOLMAN","k":"SMØLA","g":"trond","po":"6","c":4680}},{"type":"Feature","geometry":{"type":"Point","coordinates":[10.66552,64.83838]},"properties":{"id":12590,"n":"HELLIGHOLMEN","k":"NÆRØYSUND","g":"trond","po":"7","c":5460}},{"type":"Feature","geometry":{"type":"Point","coordinates":[10.39343,64.29718]},"properties":{"id":12594,"n":"BREIDVIKA","k":"OSEN","g":"trond","po":"6","c":5460}},{"type":"Feature","geometry":{"type":"Point","coordinates":[10.30905,64.2858]},"properties":{"id":12599,"n":"INDRE SKJERVØY","k":"OSEN","g":"trond","po":"6","c":7020}},{"type":"Feature","geometry":{"type":"Point","coordinates":[10.91913,64.56032]},"properties":{"id":12624,"n":"FEØYVIKA","k":"FLATANGER","g":"trond","po":"7","c":5460}},{"type":"Feature","geometry":{"type":"Point","coordinates":[10.90833,64.59268]},"properties":{"id":12625,"n":"BJØRGAN","k":"FLATANGER","g":"trond","po":"7","c":5460}},{"type":"Feature","geometry":{"type":"Point","coordinates":[10.74813,64.5256]},"properties":{"id":12633,"n":"LYRNESSET","k":"FLATANGER","g":"trond","po":"7","c":3120}},{"type":"Feature","geometry":{"type":"Point","coordinates":[11.04237,65.00378]},"properties":{"id":12652,"n":"KRÅKØYA","k":"NÆRØYSUND","g":"trond","po":"7","c":5460}},{"type":"Feature","geometry":{"type":"Point","coordinates":[11.69037,64.79403]},"properties":{"id":12660,"n":"KIPHOLMEN","k":"NÆRØYSUND","g":"trond","po":"7","c":3900}},{"type":"Feature","geometry":{"type":"Point","coordinates":[11.63977,64.77713]},"properties":{"id":12662,"n":"TERNSKJÆRET II","k":"NAMSOS","g":"trond","po":"7","c":4680}},{"type":"Feature","geometry":{"type":"Point","coordinates":[11.35482,64.60743]},"properties":{"id":12678,"n":"VEDØYA","k":"NAMSOS","g":"trond","po":"7","c":3120}},{"type":"Feature","geometry":{"type":"Point","coordinates":[11.67452,65.12298]},"properties":{"id":12705,"n":"SKROSEN","k":"LEKA","g":"trond","po":"7","c":4680}},{"type":"Feature","geometry":{"type":"Point","coordinates":[11.48452,65.03948]},"properties":{"id":12712,"n":"SLOKKHOLMEN Ø","k":"LEKA","g":"trond","po":"7","c":5460}},{"type":"Feature","geometry":{"type":"Point","coordinates":[11.46197,64.94648]},"properties":{"id":12714,"n":"GJERDINGA","k":"NÆRØYSUND","g":"trond","po":"7","c":5460}},{"type":"Feature","geometry":{"type":"Point","coordinates":[11.5733,64.94988]},"properties":{"id":12730,"n":"BÅFJORDEN","k":"NÆRØYSUND","g":"trond","po":"7","c":1560}},{"type":"Feature","geometry":{"type":"Point","coordinates":[9.40957,63.55995]},"properties":{"id":12784,"n":"RINGHOLMEN","k":"HITRA","g":"trond","po":"6","c":7020}},{"type":"Feature","geometry":{"type":"Point","coordinates":[9.46798,63.56948]},"properties":{"id":12789,"n":"GUNNARØYA","k":"ORKLAND","g":"trond","po":"6","c":6240}},{"type":"Feature","geometry":{"type":"Point","coordinates":[8.26705,58.14398]},"properties":{"id":12832,"n":"RISHOLMEN","k":"LILLESAND","g":"sor","po":"1","c":585}},{"type":"Feature","geometry":{"type":"Point","coordinates":[7.28102,62.28522]},"properties":{"id":12839,"n":"VINDSNES","k":"FJORD","g":"more","po":"5","c":3120}},{"type":"Feature","geometry":{"type":"Point","coordinates":[7.31415,62.67393]},"properties":{"id":12844,"n":"SETERNESET","k":"MOLDE","g":"more","po":"5","c":2340}},{"type":"Feature","geometry":{"type":"Point","coordinates":[7.45015,62.96038]},"properties":{"id":12855,"n":"KORNSTAD","k":"AVERØY","g":"trond","po":"6","c":3120}},{"type":"Feature","geometry":{"type":"Point","coordinates":[7.67682,63.03515]},"properties":{"id":12870,"n":"LEITE","k":"AVERØY","g":"trond","po":"6","c":4680}},{"type":"Feature","geometry":{"type":"Point","coordinates":[7.67588,63.09303]},"properties":{"id":12871,"n":"HOGSNES","k":"AVERØY","g":"trond","po":"6","c":3120}},{"type":"Feature","geometry":{"type":"Point","coordinates":[7.69532,63.05533]},"properties":{"id":12872,"n":"KATTHOLMEN","k":"KRISTIANSUND","g":"trond","po":"6","c":3120}},{"type":"Feature","geometry":{"type":"Point","coordinates":[7.71373,63.02968]},"properties":{"id":12879,"n":"ENDRESET","k":"KRISTIANSUND","g":"trond","po":"6","c":6240}},{"type":"Feature","geometry":{"type":"Point","coordinates":[8.04917,62.95717]},"properties":{"id":12890,"n":"HØYBUVIKA","k":"GJEMNES","g":"trond","po":"6","c":2340}},{"type":"Feature","geometry":{"type":"Point","coordinates":[8.11095,62.9066]},"properties":{"id":12892,"n":"SJØLSVIK","k":"GJEMNES","g":"trond","po":"6","c":2340}},{"type":"Feature","geometry":{"type":"Point","coordinates":[8.14328,63.07787]},"properties":{"id":12895,"n":"HALSBUKTA","k":"TINGVOLL","g":"trond","po":"6","c":4680}},{"type":"Feature","geometry":{"type":"Point","coordinates":[8.1563,62.8632]},"properties":{"id":12897,"n":"HONNHAMMARVIKA","k":"TINGVOLL","g":"more","po":null,"c":2840}},{"type":"Feature","geometry":{"type":"Point","coordinates":[8.27793,62.78393]},"properties":{"id":12904,"n":"MERRABERGET","k":"MOLDE","g":"more","po":null,"c":2630}},{"type":"Feature","geometry":{"type":"Point","coordinates":[5.97643,59.47407]},"properties":{"id":12966,"n":"LINDVIK","k":"VINDAFJORD","g":"rog","po":"2","c":3120}},{"type":"Feature","geometry":{"type":"Point","coordinates":[6.18318,60.31815]},"properties":{"id":12973,"n":"SALTKJELEN I","k":"KVAM","g":"vest","po":"3","c":3120}},{"type":"Feature","geometry":{"type":"Point","coordinates":[5.00703,61.01693]},"properties":{"id":12978,"n":"LYNGHOLMEN","k":"GULEN","g":"vest","po":"4","c":4500}},{"type":"Feature","geometry":{"type":"Point","coordinates":[5.00315,61.17955]},"properties":{"id":12980,"n":"KLUBBEN","k":"SOLUND","g":"vest","po":"4","c":3600}},{"type":"Feature","geometry":{"type":"Point","coordinates":[4.76778,61.31055]},"properties":{"id":12982,"n":"ALDEØYNA","k":"ASKVOLL","g":"vest","po":"4","c":2340}},{"type":"Feature","geometry":{"type":"Point","coordinates":[6.92605,62.78342]},"properties":{"id":12988,"n":"AUKRASANDEN","k":"AUKRA","g":"more","po":"5","c":5460}},{"type":"Feature","geometry":{"type":"Point","coordinates":[8.85498,63.73305]},"properties":{"id":12993,"n":"LAMØYA","k":"FRØYA","g":"trond","po":"6","c":3120}},{"type":"Feature","geometry":{"type":"Point","coordinates":[12.54543,65.52427]},"properties":{"id":13000,"n":"SLÅTTVIKA","k":"BRØNNØY","g":"nordl","po":"8","c":5460}},{"type":"Feature","geometry":{"type":"Point","coordinates":[14.01653,67.14678]},"properties":{"id":13006,"n":"HESTHOLMEN N","k":"GILDESKÅL","g":"nordl","po":"8","c":4680}},{"type":"Feature","geometry":{"type":"Point","coordinates":[13.58528,68.08683]},"properties":{"id":13009,"n":"KJEØYA N","k":"VESTVÅGØY","g":"nordl","po":"9","c":780}},{"type":"Feature","geometry":{"type":"Point","coordinates":[5.68328,60.35807]},"properties":{"id":13020,"n":"NYGÅRD","k":"SAMNANGER","g":"vest","po":"3","c":2340}},{"type":"Feature","geometry":{"type":"Point","coordinates":[7.32827,62.9831]},"properties":{"id":13021,"n":"GAUSTAD","k":"HUSTADVIKA","g":"trond","po":"6","c":3120}},{"type":"Feature","geometry":{"type":"Point","coordinates":[5.13337,59.60952]},"properties":{"id":13032,"n":"SØLVØYANE","k":"BØMLO","g":"vest","po":"3","c":5460}},{"type":"Feature","geometry":{"type":"Point","coordinates":[5.30542,60.07093]},"properties":{"id":13036,"n":"GJENGANE","k":"AUSTEVOLL","g":"vest","po":"3","c":2340}},{"type":"Feature","geometry":{"type":"Point","coordinates":[14.80522,68.22768]},"properties":{"id":13047,"n":"VÅTVIKA","k":"VÅGAN","g":"nordl","po":"9","c":3120}},{"type":"Feature","geometry":{"type":"Point","coordinates":[5.71333,59.2983]},"properties":{"id":13055,"n":"LANGØYNA Ø","k":"TYSVÆR","g":"rog","po":"2","c":4680}},{"type":"Feature","geometry":{"type":"Point","coordinates":[5.95992,60.17935]},"properties":{"id":13057,"n":"TEIGLAND I","k":"KVAM","g":"vest","po":"3","c":2340}},{"type":"Feature","geometry":{"type":"Point","coordinates":[5.61358,60.20773]},"properties":{"id":13058,"n":"FUSAVIKA","k":"BJØRNAFJORDEN","g":"vest","po":"3","c":3120}},{"type":"Feature","geometry":{"type":"Point","coordinates":[23.40735,70.23807]},"properties":{"id":13119,"n":"HESTEN","k":"ALTA","g":"nord","po":"12","c":2700}},{"type":"Feature","geometry":{"type":"Point","coordinates":[13.41915,66.54552]},"properties":{"id":13124,"n":"STORSTROMPAN","k":"RØDØY","g":"nordl","po":"8","c":4680}},{"type":"Feature","geometry":{"type":"Point","coordinates":[13.24255,66.80845]},"properties":{"id":13125,"n":"STORVIKA","k":"MELØY","g":"nordl","po":"8","c":4680}},{"type":"Feature","geometry":{"type":"Point","coordinates":[15.58087,67.76705]},"properties":{"id":13139,"n":"MARTNESVIKA","k":"STEIGEN","g":"nordl","po":"9","c":6000}},{"type":"Feature","geometry":{"type":"Point","coordinates":[27.56483,70.81693]},"properties":{"id":13143,"n":"BONDEJORDA","k":"LEBESBY","g":"nord","po":"12","c":4000}},{"type":"Feature","geometry":{"type":"Point","coordinates":[4.96897,60.30443]},"properties":{"id":13196,"n":"SYLTØY","k":"ØYGARDEN","g":"vest","po":"3","c":2340}},{"type":"Feature","geometry":{"type":"Point","coordinates":[4.71382,61.06838]},"properties":{"id":13205,"n":"BRATTHOLMEN","k":"SOLUND","g":"vest","po":"4","c":2340}},{"type":"Feature","geometry":{"type":"Point","coordinates":[5.07583,60.60442]},"properties":{"id":13209,"n":"BOGNØY","k":"ALVER","g":"vest","po":"4","c":1560}},{"type":"Feature","geometry":{"type":"Point","coordinates":[5.93442,58.97465]},"properties":{"id":13220,"n":"KALHAG","k":"STRAND","g":"rog","po":"2","c":2340}},{"type":"Feature","geometry":{"type":"Point","coordinates":[5.94915,59.18348]},"properties":{"id":13221,"n":"NAUTVIK","k":"STAVANGER","g":"rog","po":"2","c":2340}},{"type":"Feature","geometry":{"type":"Point","coordinates":[5.9532,59.21137]},"properties":{"id":13222,"n":"KUNES","k":"STAVANGER","g":"rog","po":"2","c":3120}},{"type":"Feature","geometry":{"type":"Point","coordinates":[6.3216,59.29985]},"properties":{"id":13226,"n":"VINDSVIK","k":"HJELMELAND","g":"rog","po":"2","c":3600}},{"type":"Feature","geometry":{"type":"Point","coordinates":[5.63388,60.24802]},"properties":{"id":13227,"n":"ALTANESET","k":"BJØRNAFJORDEN","g":"vest","po":"3","c":2340}},{"type":"Feature","geometry":{"type":"Point","coordinates":[5.67312,60.2308]},"properties":{"id":13229,"n":"DJUPEDALEN","k":"BJØRNAFJORDEN","g":"vest","po":"3","c":1560}},{"type":"Feature","geometry":{"type":"Point","coordinates":[6.0964,60.19967]},"properties":{"id":13234,"n":"KYSNES","k":"ULLENSVANG","g":"vest","po":"3","c":1560}},{"type":"Feature","geometry":{"type":"Point","coordinates":[5.56383,61.06788]},"properties":{"id":13236,"n":"INDRE OPPEDAL","k":"GULEN","g":"vest","po":"4","c":5460}},{"type":"Feature","geometry":{"type":"Point","coordinates":[5.46427,61.90983]},"properties":{"id":13241,"n":"ENDAL VEST","k":"BREMANGER","g":"vest","po":"4","c":3120}},{"type":"Feature","geometry":{"type":"Point","coordinates":[5.6331,61.89568]},"properties":{"id":13242,"n":"JUVIKA B","k":"BREMANGER","g":"vest","po":"4","c":5460}},{"type":"Feature","geometry":{"type":"Point","coordinates":[5.90442,62.19567]},"properties":{"id":13243,"n":"SANDVIKA","k":"VOLDA","g":"more","po":"5","c":5460}},{"type":"Feature","geometry":{"type":"Point","coordinates":[5.7849,62.2097]},"properties":{"id":13246,"n":"VOLDNES","k":"HERØY I MØRE OG ROMSDAL","g":"more","po":"5","c":5460}},{"type":"Feature","geometry":{"type":"Point","coordinates":[6.3815,62.33795]},"properties":{"id":13249,"n":"SAGELVA","k":"ØRSTA","g":"more","po":"5","c":6240}},{"type":"Feature","geometry":{"type":"Point","coordinates":[10.67888,64.43353]},"properties":{"id":13271,"n":"ALMURDEN","k":"FLATANGER","g":"trond","po":"7","c":3900}},{"type":"Feature","geometry":{"type":"Point","coordinates":[12.48768,66.11312]},"properties":{"id":13284,"n":"SJØLYST","k":"DØNNA","g":"nordl","po":null,"c":260}},{"type":"Feature","geometry":{"type":"Point","coordinates":[14.07658,67.06895]},"properties":{"id":13290,"n":"STIGVIKA","k":"GILDESKÅL","g":"nordl","po":"8","c":2860}},{"type":"Feature","geometry":{"type":"Point","coordinates":[13.18255,68.00445]},"properties":{"id":13291,"n":"SOLØYA","k":"FLAKSTAD","g":"nordl","po":"9","c":3120}},{"type":"Feature","geometry":{"type":"Point","coordinates":[14.94947,68.30593]},"properties":{"id":13293,"n":"MOLGAVLEN","k":"VÅGAN","g":"nordl","po":"9","c":3900}},{"type":"Feature","geometry":{"type":"Point","coordinates":[15.48797,67.44882]},"properties":{"id":13297,"n":"KINES","k":"SØRFOLD","g":"nordl","po":"9","c":3900}},{"type":"Feature","geometry":{"type":"Point","coordinates":[17.0281,69.36812]},"properties":{"id":13305,"n":"BARBOGEN","k":"SENJA","g":"nord","po":"10","c":2500}},{"type":"Feature","geometry":{"type":"Point","coordinates":[17.05325,68.69432]},"properties":{"id":13306,"n":"YSTEVIKA","k":"TJELDSUND","g":"nord","po":"10","c":4500}},{"type":"Feature","geometry":{"type":"Point","coordinates":[22.41675,70.14955]},"properties":{"id":13316,"n":"STORVIK","k":"LOPPA","g":"nord","po":"12","c":2700}},{"type":"Feature","geometry":{"type":"Point","coordinates":[22.93798,70.30338]},"properties":{"id":13317,"n":"LILLE KVALFJORD","k":"ALTA","g":"nord","po":"12","c":2700}},{"type":"Feature","geometry":{"type":"Point","coordinates":[27.49393,70.81805]},"properties":{"id":13337,"n":"HOVDENAKKEN","k":"LEBESBY","g":"nord","po":"12","c":6000}},{"type":"Feature","geometry":{"type":"Point","coordinates":[5.3433,59.74687]},"properties":{"id":13339,"n":"KLUNGERVIKNESET","k":"BØMLO","g":"vest","po":"3","c":1040}},{"type":"Feature","geometry":{"type":"Point","coordinates":[4.87435,60.98063]},"properties":{"id":13340,"n":"LEIHOLMANE","k":"GULEN","g":"vest","po":"4","c":5460}},{"type":"Feature","geometry":{"type":"Point","coordinates":[4.94027,61.82025]},"properties":{"id":13341,"n":"BAKJESTRANDA","k":"BREMANGER","g":"vest","po":"4","c":1560}},{"type":"Feature","geometry":{"type":"Point","coordinates":[5.63827,60.23545]},"properties":{"id":13345,"n":"OTERSTEGDALEN","k":"BJØRNAFJORDEN","g":"vest","po":"3","c":2340}},{"type":"Feature","geometry":{"type":"Point","coordinates":[14.77972,68.83255]},"properties":{"id":13412,"n":"DYPEIDET","k":"ØKSNES","g":"nordl","po":"9","c":2340}},{"type":"Feature","geometry":{"type":"Point","coordinates":[11.25113,64.91637]},"properties":{"id":13494,"n":"FLERENGSTRAND","k":"NÆRØYSUND","g":"trond","po":null,"c":1040}},{"type":"Feature","geometry":{"type":"Point","coordinates":[9.0523,63.61073]},"properties":{"id":13503,"n":"HEGGVIKA","k":"HITRA","g":"trond","po":"6","c":4680}},{"type":"Feature","geometry":{"type":"Point","coordinates":[18.17027,69.69533]},"properties":{"id":13518,"n":"ANGSTAUREN","k":"TROMSØ","g":"nord","po":"11","c":5670}},{"type":"Feature","geometry":{"type":"Point","coordinates":[15.0358,68.33945]},"properties":{"id":13527,"n":"FINNKJERKA","k":"HADSEL","g":"nordl","po":"9","c":5460}},{"type":"Feature","geometry":{"type":"Point","coordinates":[15.03733,68.90353]},"properties":{"id":13530,"n":"SJÅNESET","k":"ØKSNES","g":"nordl","po":"9","c":3120}},{"type":"Feature","geometry":{"type":"Point","coordinates":[17.51257,69.09302]},"properties":{"id":13531,"n":"SKOGSHAMN","k":"DYRØY","g":"nord","po":"10","c":5280}},{"type":"Feature","geometry":{"type":"Point","coordinates":[5.46707,60.07663]},"properties":{"id":13541,"n":"MIDTFLUA","k":"TYSNES","g":"vest","po":"3","c":3120}},{"type":"Feature","geometry":{"type":"Point","coordinates":[5.25053,61.82133]},"properties":{"id":13549,"n":"LØYPINGNESET","k":"BREMANGER","g":"vest","po":"4","c":5460}},{"type":"Feature","geometry":{"type":"Point","coordinates":[7.12155,62.29428]},"properties":{"id":13554,"n":"OVERÅNESET","k":"STRANDA","g":"more","po":"5","c":3120}},{"type":"Feature","geometry":{"type":"Point","coordinates":[5.52692,59.87835]},"properties":{"id":13562,"n":"UFØRO","k":"STORD","g":"vest","po":"3","c":4680}},{"type":"Feature","geometry":{"type":"Point","coordinates":[5.35262,60.52333]},"properties":{"id":13563,"n":"ANGELSKÅR","k":"OSTERØY","g":"vest","po":"4","c":4680}},{"type":"Feature","geometry":{"type":"Point","coordinates":[5.46208,60.8852]},"properties":{"id":13567,"n":"KNAPPEN SOLHEIM","k":"MASFJORDEN","g":"vest","po":null,"c":780}},{"type":"Feature","geometry":{"type":"Point","coordinates":[5.285,61.47627]},"properties":{"id":13568,"n":"STOREVIK","k":"ASKVOLL","g":"vest","po":"4","c":3120}},{"type":"Feature","geometry":{"type":"Point","coordinates":[9.11658,63.59822]},"properties":{"id":13570,"n":"ULVÆRHOLMEN","k":"HITRA","g":"trond","po":"6","c":3120}},{"type":"Feature","geometry":{"type":"Point","coordinates":[9.1469,63.53398]},"properties":{"id":13572,"n":"BADSTUVIKA","k":"HITRA","g":"trond","po":"6","c":5460}},{"type":"Feature","geometry":{"type":"Point","coordinates":[9.17147,63.384]},"properties":{"id":13573,"n":"KISTVIKA","k":"HEIM","g":"trond","po":"6","c":2340}},{"type":"Feature","geometry":{"type":"Point","coordinates":[11.24228,64.75425]},"properties":{"id":13581,"n":"RAMSTADHOLMEN","k":"NÆRØYSUND","g":"trond","po":"7","c":3900}},{"type":"Feature","geometry":{"type":"Point","coordinates":[15.17167,67.95877]},"properties":{"id":13592,"n":"HAMMER","k":"STEIGEN","g":"nordl","po":"9","c":3600}},{"type":"Feature","geometry":{"type":"Point","coordinates":[15.2023,68.32518]},"properties":{"id":13593,"n":"STORFJELL","k":"VÅGAN","g":"nordl","po":"9","c":4680}},{"type":"Feature","geometry":{"type":"Point","coordinates":[15.01667,68.704]},"properties":{"id":13594,"n":"TROLLØYA SV","k":"SORTLAND","g":"nordl","po":"9","c":3120}},{"type":"Feature","geometry":{"type":"Point","coordinates":[15.03867,68.7135]},"properties":{"id":13595,"n":"KUNESET","k":"SORTLAND","g":"nordl","po":"9","c":3120}},{"type":"Feature","geometry":{"type":"Point","coordinates":[17.52088,68.85463]},"properties":{"id":13597,"n":"SALANGSLIA","k":"SALANGEN","g":"nord","po":"10","c":4500}},{"type":"Feature","geometry":{"type":"Point","coordinates":[5.3303,62.01035]},"properties":{"id":13612,"n":"RUNDREIMSTRANDA","k":"STAD","g":"vest","po":"4","c":4680}},{"type":"Feature","geometry":{"type":"Point","coordinates":[5.63132,59.28548]},"properties":{"id":13629,"n":"MUNKHOLMEN","k":"TYSVÆR","g":"rog","po":"2","c":4680}},{"type":"Feature","geometry":{"type":"Point","coordinates":[5.33105,61.03512]},"properties":{"id":13643,"n":"HJARTHOLM","k":"GULEN","g":"vest","po":"4","c":3900}},{"type":"Feature","geometry":{"type":"Point","coordinates":[5.38177,60.5549]},"properties":{"id":13644,"n":"TEPSTAD","k":"OSTERØY","g":"vest","po":"4","c":5460}},{"type":"Feature","geometry":{"type":"Point","coordinates":[5.48318,60.98783]},"properties":{"id":13654,"n":"INSTEFJORD","k":"GULEN","g":"vest","po":null,"c":340}},{"type":"Feature","geometry":{"type":"Point","coordinates":[7.10118,62.6461]},"properties":{"id":13669,"n":"FURNESET","k":"VESTNES","g":"more","po":"5","c":4680}},{"type":"Feature","geometry":{"type":"Point","coordinates":[11.24828,64.85482]},"properties":{"id":13685,"n":"MARØYA","k":"NÆRØYSUND","g":"trond","po":null,"c":1560}},{"type":"Feature","geometry":{"type":"Point","coordinates":[29.68072,69.9099]},"properties":{"id":13691,"n":"OTERFJORDEN","k":"SØR-VARANGER","g":"nord","po":"13","c":3480}},{"type":"Feature","geometry":{"type":"Point","coordinates":[5.34243,60.7411]},"properties":{"id":13699,"n":"LEIRVIKA","k":"MASFJORDEN","g":"vest","po":"4","c":1560}},{"type":"Feature","geometry":{"type":"Point","coordinates":[5.39617,60.71622]},"properties":{"id":13704,"n":"VIKANE","k":"MASFJORDEN","g":"vest","po":"4","c":2340}},{"type":"Feature","geometry":{"type":"Point","coordinates":[5.23738,61.5771]},"properties":{"id":13706,"n":"SELJESET","k":"KINN","g":"vest","po":"4","c":1560}},{"type":"Feature","geometry":{"type":"Point","coordinates":[5.31025,61.56527]},"properties":{"id":13708,"n":"STEINVIK","k":"KINN","g":"vest","po":"4","c":1560}},{"type":"Feature","geometry":{"type":"Point","coordinates":[5.37528,61.47928]},"properties":{"id":13711,"n":"DYVIKA","k":"ASKVOLL","g":"vest","po":"4","c":1560}},{"type":"Feature","geometry":{"type":"Point","coordinates":[9.0329,63.67223]},"properties":{"id":13720,"n":"ULVAN","k":"HITRA","g":"trond","po":null,"c":1550}},{"type":"Feature","geometry":{"type":"Point","coordinates":[9.15525,63.65578]},"properties":{"id":13727,"n":"SVELLUNGEN","k":"HITRA","g":"trond","po":"6","c":3120}},{"type":"Feature","geometry":{"type":"Point","coordinates":[12.95735,66.41295]},"properties":{"id":13764,"n":"KOKVIKA","k":"LURØY","g":"nordl","po":"8","c":6240}},{"type":"Feature","geometry":{"type":"Point","coordinates":[12.95803,66.46165]},"properties":{"id":13765,"n":"BREIVIKEN","k":"LURØY","g":"nordl","po":"8","c":1560}},{"type":"Feature","geometry":{"type":"Point","coordinates":[15.2339,68.49158]},"properties":{"id":13782,"n":"HELGENESHAMN","k":"HADSEL","g":"nordl","po":"9","c":2340}},{"type":"Feature","geometry":{"type":"Point","coordinates":[15.02072,68.93663]},"properties":{"id":13784,"n":"HØYDALSVIKA","k":"ØKSNES","g":"nordl","po":"9","c":3120}},{"type":"Feature","geometry":{"type":"Point","coordinates":[18.65402,69.78823]},"properties":{"id":13804,"n":"ROGNDALEN","k":"TROMSØ","g":"nord","po":"11","c":3599}},{"type":"Feature","geometry":{"type":"Point","coordinates":[27.12332,70.62917]},"properties":{"id":13813,"n":"KVITELV","k":"LEBESBY","g":"nord","po":"12","c":4725}},{"type":"Feature","geometry":{"type":"Point","coordinates":[5.20923,61.90222]},"properties":{"id":13837,"n":"VERPEIDE","k":"KINN","g":"vest","po":"4","c":3900}},{"type":"Feature","geometry":{"type":"Point","coordinates":[5.28467,61.35633]},"properties":{"id":13838,"n":"HEGNES","k":"FJALER","g":"vest","po":"4","c":1560}},{"type":"Feature","geometry":{"type":"Point","coordinates":[5.29085,61.91018]},"properties":{"id":13841,"n":"BRUNSVIK","k":"KINN","g":"vest","po":"4","c":5460}},{"type":"Feature","geometry":{"type":"Point","coordinates":[5.3275,62.14083]},"properties":{"id":13845,"n":"BEITVEIT","k":"STAD","g":"more","po":"5","c":5460}},{"type":"Feature","geometry":{"type":"Point","coordinates":[7.19282,62.6275]},"properties":{"id":13852,"n":"GJERMUNDNES","k":"VESTNES","g":"more","po":"5","c":3120}},{"type":"Feature","geometry":{"type":"Point","coordinates":[30.39562,69.7948]},"properties":{"id":13865,"n":"SPERGITTKLUBBEN","k":"SØR-VARANGER","g":"nord","po":"13","c":5400}},{"type":"Feature","geometry":{"type":"Point","coordinates":[5.53367,59.65798]},"properties":{"id":13867,"n":"RAUNEVÅGEN","k":"SVEIO","g":"vest","po":"3","c":3120}},{"type":"Feature","geometry":{"type":"Point","coordinates":[5.3535,60.56323]},"properties":{"id":13870,"n":"EIKEBÆRÅNÆ","k":"ALVER","g":"vest","po":"4","c":1560}},{"type":"Feature","geometry":{"type":"Point","coordinates":[5.40123,60.5796]},"properties":{"id":13874,"n":"FYLLINGSNES S","k":"ALVER","g":"vest","po":"4","c":1560}},{"type":"Feature","geometry":{"type":"Point","coordinates":[5.44363,60.47978]},"properties":{"id":13876,"n":"LITLETVEITHOLANE","k":"OSTERØY","g":"vest","po":"4","c":1560}},{"type":"Feature","geometry":{"type":"Point","coordinates":[9.1299,63.99758]},"properties":{"id":13886,"n":"HALLARØY V","k":"FRØYA","g":"trond","po":"6","c":2340}},{"type":"Feature","geometry":{"type":"Point","coordinates":[9.1311,63.61718]},"properties":{"id":13887,"n":"REITHOLMEN","k":"HITRA","g":"trond","po":"6","c":5460}},{"type":"Feature","geometry":{"type":"Point","coordinates":[15.12187,67.65652]},"properties":{"id":13931,"n":"HJARTØY Ø","k":"STEIGEN","g":"nordl","po":"9","c":5460}},{"type":"Feature","geometry":{"type":"Point","coordinates":[15.21272,68.47153]},"properties":{"id":13936,"n":"SØRVIKA","k":"HADSEL","g":"nordl","po":"9","c":2340}},{"type":"Feature","geometry":{"type":"Point","coordinates":[21.02818,69.97763]},"properties":{"id":13949,"n":"HAGEBERGAN","k":"SKJERVØY","g":"nord","po":"11","c":3600}},{"type":"Feature","geometry":{"type":"Point","coordinates":[23.02462,70.56623]},"properties":{"id":13996,"n":"HAMNEFJORD","k":"HAMMERFEST","g":"nord","po":"12","c":8420}},{"type":"Feature","geometry":{"type":"Point","coordinates":[8.2553,58.14027]},"properties":{"id":14016,"n":"AUENES","k":"LILLESAND","g":"sor","po":"1","c":910}},{"type":"Feature","geometry":{"type":"Point","coordinates":[5.00437,60.62743]},"properties":{"id":14018,"n":"TOSKA S","k":"ALVER","g":"vest","po":"4","c":3620}},{"type":"Feature","geometry":{"type":"Point","coordinates":[12.31975,65.13923]},"properties":{"id":14019,"n":"ØKSNINGEN","k":"BINDAL","g":"trond","po":"7","c":5860}},{"type":"Feature","geometry":{"type":"Point","coordinates":[4.79225,61.04113]},"properties":{"id":14035,"n":"GULESKJERET","k":"SOLUND","g":"vest","po":"4","c":3120}},{"type":"Feature","geometry":{"type":"Point","coordinates":[5.16953,60.02005]},"properties":{"id":14039,"n":"LITLE LUNNØY","k":"AUSTEVOLL","g":"vest","po":"3","c":2340}},{"type":"Feature","geometry":{"type":"Point","coordinates":[5.12412,60.08138]},"properties":{"id":14040,"n":"KRIGSHOLMEN","k":"AUSTEVOLL","g":"vest","po":"3","c":2340}},{"type":"Feature","geometry":{"type":"Point","coordinates":[8.69442,63.65835]},"properties":{"id":14041,"n":"EDØYA","k":"HITRA","g":"trond","po":"6","c":3900}},{"type":"Feature","geometry":{"type":"Point","coordinates":[8.67768,63.86768]},"properties":{"id":14042,"n":"KATTHOLMEN","k":"FRØYA","g":"trond","po":"6","c":7800}},{"type":"Feature","geometry":{"type":"Point","coordinates":[7.45053,62.64515]},"properties":{"id":14043,"n":"LYBERGSVIKA","k":"RAUMA","g":"more","po":"5","c":4680}},{"type":"Feature","geometry":{"type":"Point","coordinates":[12.16922,65.4933]},"properties":{"id":14076,"n":"LISMÅSØY","k":"BRØNNØY","g":"nordl","po":"8","c":3120}},{"type":"Feature","geometry":{"type":"Point","coordinates":[5.34048,61.11008]},"properties":{"id":14081,"n":"TVEIT","k":"HYLLESTAD","g":"vest","po":"4","c":5460}},{"type":"Feature","geometry":{"type":"Point","coordinates":[5.15238,59.72855]},"properties":{"id":14086,"n":"LELANDSHOLMEN","k":"BØMLO","g":"vest","po":"3","c":1560}},{"type":"Feature","geometry":{"type":"Point","coordinates":[5.44587,59.058]},"properties":{"id":14136,"n":"HESTHOLMEN Ø","k":"KVITSØY","g":"rog","po":"2","c":4680}},{"type":"Feature","geometry":{"type":"Point","coordinates":[11.79297,65.11235]},"properties":{"id":14245,"n":"JAKOBSTEINSVIKA","k":"LEKA","g":"trond","po":"7","c":7020}},{"type":"Feature","geometry":{"type":"Point","coordinates":[4.87842,60.56513]},"properties":{"id":14435,"n":"LJØSØY N","k":"ØYGARDEN","g":"vest","po":"4","c":2340}},{"type":"Feature","geometry":{"type":"Point","coordinates":[5.81153,59.28955]},"properties":{"id":14495,"n":"NORDEIMSØYNA","k":"STAVANGER","g":"rog","po":"2","c":5160}},{"type":"Feature","geometry":{"type":"Point","coordinates":[12.38975,66.15808]},"properties":{"id":14676,"n":"SLAPØYA N","k":"DØNNA","g":"nordl","po":null,"c":1560}},{"type":"Feature","geometry":{"type":"Point","coordinates":[14.6805,68.65972]},"properties":{"id":14678,"n":"UVÅG","k":"BØ I NORDLAND","g":"nordl","po":"9","c":400}},{"type":"Feature","geometry":{"type":"Point","coordinates":[14.8005,68.66837]},"properties":{"id":14679,"n":"HELLFJORDEN","k":"BØ I NORDLAND","g":"nordl","po":"9","c":3120}},{"type":"Feature","geometry":{"type":"Point","coordinates":[15.77043,68.37905]},"properties":{"id":14795,"n":"RINØYVÅG Ø","k":"LØDINGEN","g":"nordl","po":"9","c":2608}},{"type":"Feature","geometry":{"type":"Point","coordinates":[16.12235,68.52588]},"properties":{"id":14796,"n":"FISKEFJORDEN","k":"LØDINGEN","g":"nordl","po":"9","c":1560}},{"type":"Feature","geometry":{"type":"Point","coordinates":[5.45273,60.05897]},"properties":{"id":14799,"n":"DJUPESTALLEN","k":"TYSNES","g":"vest","po":"3","c":3120}},{"type":"Feature","geometry":{"type":"Point","coordinates":[12.8003,66.39383]},"properties":{"id":15118,"n":"KALVØYA","k":"LURØY","g":"nordl","po":"8","c":3120}},{"type":"Feature","geometry":{"type":"Point","coordinates":[5.26075,59.84592]},"properties":{"id":15196,"n":"AGA Ø","k":"BØMLO","g":"vest","po":"3","c":2340}},{"type":"Feature","geometry":{"type":"Point","coordinates":[9.05707,63.98405]},"properties":{"id":15375,"n":"SØRØYFLESA","k":"FRØYA","g":"trond","po":"6","c":1560}},{"type":"Feature","geometry":{"type":"Point","coordinates":[4.71138,61.10195]},"properties":{"id":15403,"n":"OLDERØY","k":"SOLUND","g":"vest","po":"4","c":3900}},{"type":"Feature","geometry":{"type":"Point","coordinates":[15.41172,67.17672]},"properties":{"id":15455,"n":"DAUMANNSVIKA","k":"SALTDAL","g":"nordl","po":"8","c":5999}},{"type":"Feature","geometry":{"type":"Point","coordinates":[5.8536,61.1056]},"properties":{"id":15456,"n":"SØREIDE","k":"HØYANGER","g":"vest","po":"4","c":2340}},{"type":"Feature","geometry":{"type":"Point","coordinates":[25.55705,70.89355]},"properties":{"id":15460,"n":"LAHOLMEN","k":"NORDKAPP","g":"nord","po":"12","c":7095}},{"type":"Feature","geometry":{"type":"Point","coordinates":[25.44682,70.8709]},"properties":{"id":15461,"n":"STORVIKA","k":"NORDKAPP","g":"nord","po":"12","c":1800}},{"type":"Feature","geometry":{"type":"Point","coordinates":[25.74783,70.98]},"properties":{"id":15462,"n":"SARNES","k":"NORDKAPP","g":"nord","po":"12","c":4000}},{"type":"Feature","geometry":{"type":"Point","coordinates":[23.22917,70.52875]},"properties":{"id":15517,"n":"TINNLANDET","k":"HAMMERFEST","g":"nord","po":"12","c":5280}},{"type":"Feature","geometry":{"type":"Point","coordinates":[12.70997,66.23578]},"properties":{"id":15655,"n":"HJARTØY N","k":"NESNA","g":"nordl","po":"8","c":1560}},{"type":"Feature","geometry":{"type":"Point","coordinates":[20.74848,69.95078]},"properties":{"id":15657,"n":"KÅGEN","k":"SKJERVØY","g":"nord","po":"11","c":5400}},{"type":"Feature","geometry":{"type":"Point","coordinates":[21.8331,69.90768]},"properties":{"id":15659,"n":"NØKLAN","k":"KVÆNANGEN","g":"nord","po":"11","c":1800}},{"type":"Feature","geometry":{"type":"Point","coordinates":[5.92767,59.38753]},"properties":{"id":15796,"n":"BORGARLIFLOT","k":"SULDAL","g":"rog","po":"2","c":4680}},{"type":"Feature","geometry":{"type":"Point","coordinates":[17.08862,69.23602]},"properties":{"id":15860,"n":"KVENBUKTA V","k":"SENJA","g":"nord","po":"10","c":3900}},{"type":"Feature","geometry":{"type":"Point","coordinates":[29.49093,69.91517]},"properties":{"id":15956,"n":"STORBUKT","k":"SØR-VARANGER","g":"nord","po":"13","c":3480}},{"type":"Feature","geometry":{"type":"Point","coordinates":[29.03503,70.06623]},"properties":{"id":15957,"n":"LATVIKA","k":"UNJÁRGA - NESSEBY","g":"nord","po":"13","c":3480}},{"type":"Feature","geometry":{"type":"Point","coordinates":[20.7668,69.89002]},"properties":{"id":16015,"n":"RUSSELVA","k":"NORDREISA","g":"nord","po":"11","c":3500}},{"type":"Feature","geometry":{"type":"Point","coordinates":[25.25433,70.83325]},"properties":{"id":16055,"n":"KRÅKEBERGET","k":"MÅSØY","g":"nord","po":"12","c":3600}},{"type":"Feature","geometry":{"type":"Point","coordinates":[15.08728,68.863]},"properties":{"id":16216,"n":"LØNSKOG","k":"ØKSNES","g":"nordl","po":"9","c":1560}},{"type":"Feature","geometry":{"type":"Point","coordinates":[30.41533,69.73117]},"properties":{"id":16255,"n":"SKARVFJELL","k":"SØR-VARANGER","g":"nord","po":"13","c":3600}},{"type":"Feature","geometry":{"type":"Point","coordinates":[5.10478,59.8958]},"properties":{"id":16281,"n":"KASTEVIKA","k":"BØMLO","g":"vest","po":null,"c":780}},{"type":"Feature","geometry":{"type":"Point","coordinates":[5.24593,59.61338]},"properties":{"id":16497,"n":"LANGEVÅGEN","k":"BØMLO","g":"vest","po":null,"c":540}},{"type":"Feature","geometry":{"type":"Point","coordinates":[20.69315,69.95783]},"properties":{"id":16736,"n":"KÅVIKA","k":"SKJERVØY","g":"nord","po":"11","c":5400}},{"type":"Feature","geometry":{"type":"Point","coordinates":[5.43473,59.94422]},"properties":{"id":16755,"n":"HAGEBERG","k":"FITJAR","g":"vest","po":"3","c":4680}},{"type":"Feature","geometry":{"type":"Point","coordinates":[15.43742,68.41147]},"properties":{"id":16939,"n":"FORNES","k":"LØDINGEN","g":"nordl","po":"9","c":5340}},{"type":"Feature","geometry":{"type":"Point","coordinates":[5.78873,59.73043]},"properties":{"id":17015,"n":"SEGLBERGET","k":"KVINNHERAD","g":"vest","po":"3","c":3120}},{"type":"Feature","geometry":{"type":"Point","coordinates":[18.02217,69.5115]},"properties":{"id":17077,"n":"TRETTEVIK","k":"SENJA","g":"nord","po":"10","c":10000}},{"type":"Feature","geometry":{"type":"Point","coordinates":[15.97943,68.699]},"properties":{"id":17176,"n":"HOLANDSELV","k":"KVÆFJORD","g":"nord","po":"10","c":4395}},{"type":"Feature","geometry":{"type":"Point","coordinates":[5.34583,61.89528]},"properties":{"id":17177,"n":"GRUNNENESET","k":"BREMANGER","g":"vest","po":"4","c":3120}},{"type":"Feature","geometry":{"type":"Point","coordinates":[13.01832,66.42087]},"properties":{"id":17235,"n":"ØRNES","k":"LURØY","g":"nordl","po":"8","c":3120}},{"type":"Feature","geometry":{"type":"Point","coordinates":[5.72188,59.13252]},"properties":{"id":17357,"n":"RENNAREN","k":"STAVANGER","g":"rog","po":"2","c":5120}},{"type":"Feature","geometry":{"type":"Point","coordinates":[8.2162,63.04965]},"properties":{"id":17495,"n":"VULLUM","k":"HEIM","g":"trond","po":"6","c":3120}},{"type":"Feature","geometry":{"type":"Point","coordinates":[5.3895,59.25198]},"properties":{"id":17575,"n":"TOLLAKSHOLMEN","k":"BOKN","g":"rog","po":"2","c":5680}},{"type":"Feature","geometry":{"type":"Point","coordinates":[4.8371,60.89378]},"properties":{"id":17576,"n":"NESEVÅGEN","k":"GULEN","g":"vest","po":null,"c":350}},{"type":"Feature","geometry":{"type":"Point","coordinates":[5.4514,59.95363]},"properties":{"id":18015,"n":"HESTABYNESET","k":"TYSNES","g":"vest","po":"3","c":3120}},{"type":"Feature","geometry":{"type":"Point","coordinates":[21.68508,70.27378]},"properties":{"id":18117,"n":"VASSVIKA","k":"LOPPA","g":"nord","po":"12","c":3599}},{"type":"Feature","geometry":{"type":"Point","coordinates":[5.17403,59.39738]},"properties":{"id":18217,"n":"KVALØY Ø","k":"KARMØY","g":"vest","po":"3","c":3120}},{"type":"Feature","geometry":{"type":"Point","coordinates":[6.19308,59.2694]},"properties":{"id":18235,"n":"BASTLI","k":"HJELMELAND","g":"rog","po":"2","c":3600}},{"type":"Feature","geometry":{"type":"Point","coordinates":[5.05367,60.21142]},"properties":{"id":18255,"n":"PORSVIKA","k":"ØYGARDEN","g":"vest","po":null,"c":450}},{"type":"Feature","geometry":{"type":"Point","coordinates":[5.87002,59.19203]},"properties":{"id":18275,"n":"KJERINGÅ","k":"STAVANGER","g":"rog","po":"2","c":2340}},{"type":"Feature","geometry":{"type":"Point","coordinates":[5.88333,59.39232]},"properties":{"id":18639,"n":"HALSAVIKA","k":"TYSVÆR","g":"rog","po":"2","c":3600}},{"type":"Feature","geometry":{"type":"Point","coordinates":[5.13333,61.15495]},"properties":{"id":18657,"n":"SKREDSTIVIK","k":"HYLLESTAD","g":"vest","po":"4","c":4680}},{"type":"Feature","geometry":{"type":"Point","coordinates":[14.31318,67.13228]},"properties":{"id":18717,"n":"HAMMARVIKA","k":"GILDESKÅL","g":"nordl","po":"8","c":780}},{"type":"Feature","geometry":{"type":"Point","coordinates":[11.39418,64.74997]},"properties":{"id":18755,"n":"KLUNGSET","k":"NÆRØYSUND","g":"trond","po":"7","c":5460}},{"type":"Feature","geometry":{"type":"Point","coordinates":[5.63133,60.45808]},"properties":{"id":18898,"n":"SKAFTÅ","k":"OSTERØY","g":"vest","po":"4","c":3120}},{"type":"Feature","geometry":{"type":"Point","coordinates":[12.13917,65.6862]},"properties":{"id":18936,"n":"IGERØY Ø","k":"VEGA","g":"nordl","po":"8","c":4500}},{"type":"Feature","geometry":{"type":"Point","coordinates":[9.19075,63.50607]},"properties":{"id":19016,"n":"STORSKOGØYA","k":"HITRA","g":"trond","po":"6","c":6240}},{"type":"Feature","geometry":{"type":"Point","coordinates":[15.34863,67.22783]},"properties":{"id":19098,"n":"LEIVSETHAMRAN","k":"FAUSKE","g":"nordl","po":"8","c":4836}},{"type":"Feature","geometry":{"type":"Point","coordinates":[9.10983,63.47592]},"properties":{"id":19115,"n":"FUGLØYA","k":"HITRA","g":"trond","po":"6","c":6240}},{"type":"Feature","geometry":{"type":"Point","coordinates":[10.26382,64.24337]},"properties":{"id":19135,"n":"SANDØYA III","k":"ÅFJORD","g":"trond","po":"6","c":2340}},{"type":"Feature","geometry":{"type":"Point","coordinates":[8.51575,63.59722]},"properties":{"id":19195,"n":"KORSHOLMAN","k":"HITRA","g":"trond","po":"6","c":3120}},{"type":"Feature","geometry":{"type":"Point","coordinates":[15.1615,67.53512]},"properties":{"id":19235,"n":"VINDVIKA","k":"BODØ","g":"nordl","po":"9","c":1560}},{"type":"Feature","geometry":{"type":"Point","coordinates":[30.1079,69.73305]},"properties":{"id":19255,"n":"BLÅSENBORGNESET","k":"SØR-VARANGER","g":"nord","po":null,"c":300}},{"type":"Feature","geometry":{"type":"Point","coordinates":[16.15323,68.17072]},"properties":{"id":19278,"n":"FORSÅSTORVIKA","k":"HAMARØY","g":"nordl","po":"9","c":6240}},{"type":"Feature","geometry":{"type":"Point","coordinates":[5.11448,59.4293]},"properties":{"id":19336,"n":"FLATHOLMEN","k":"HAUGESUND","g":"vest","po":"3","c":4680}},{"type":"Feature","geometry":{"type":"Point","coordinates":[5.99028,59.2966]},"properties":{"id":19355,"n":"LÅVA","k":"STAVANGER","g":"rog","po":"2","c":3120}},{"type":"Feature","geometry":{"type":"Point","coordinates":[10.87738,64.5387]},"properties":{"id":19356,"n":"KVALROSSKJÆRET","k":"FLATANGER","g":"trond","po":"7","c":3120}},{"type":"Feature","geometry":{"type":"Point","coordinates":[6.00648,60.2349]},"properties":{"id":19395,"n":"BAKKA","k":"KVAM","g":"vest","po":null,"c":600}},{"type":"Feature","geometry":{"type":"Point","coordinates":[5.70917,59.83313]},"properties":{"id":19396,"n":"SUNDE","k":"KVINNHERAD","g":"vest","po":null,"c":1170}},{"type":"Feature","geometry":{"type":"Point","coordinates":[8.5614,63.71165]},"properties":{"id":19457,"n":"NORDSKAG","k":"FRØYA","g":"trond","po":null,"c":3000}},{"type":"Feature","geometry":{"type":"Point","coordinates":[5.22262,60.09138]},"properties":{"id":19519,"n":"STOREBØ","k":"AUSTEVOLL","g":"vest","po":null,"c":780}},{"type":"Feature","geometry":{"type":"Point","coordinates":[14.59377,68.8001]},"properties":{"id":19635,"n":"SKATLEIA","k":"BØ I NORDLAND","g":"nordl","po":"9","c":2340}},{"type":"Feature","geometry":{"type":"Point","coordinates":[5.26848,60.74687]},"properties":{"id":19655,"n":"OSPENESET","k":"ALVER","g":"vest","po":"4","c":3120}},{"type":"Feature","geometry":{"type":"Point","coordinates":[12.44107,65.35318]},"properties":{"id":19755,"n":"KLUBBEN","k":"BRØNNØY","g":"trond","po":"7","c":2340}},{"type":"Feature","geometry":{"type":"Point","coordinates":[8.12855,63.14974]},"properties":{"id":19855,"n":"SEGELRÅA","k":"AURE","g":"trond","po":"6","c":4680}},{"type":"Feature","geometry":{"type":"Point","coordinates":[7.85027,63.03993]},"properties":{"id":19875,"n":"OR","k":"KRISTIANSUND","g":"trond","po":"6","c":2340}},{"type":"Feature","geometry":{"type":"Point","coordinates":[6.05012,60.15742]},"properties":{"id":19939,"n":"HØYSTEINEN","k":"KVINNHERAD","g":"vest","po":"3","c":3120}},{"type":"Feature","geometry":{"type":"Point","coordinates":[9.92832,63.99495]},"properties":{"id":19977,"n":"JEKTHOLMEN","k":"ÅFJORD","g":"trond","po":"6","c":3120}},{"type":"Feature","geometry":{"type":"Point","coordinates":[8.0306,63.13792]},"properties":{"id":19995,"n":"HAGAHAMMAREN","k":"AURE","g":"trond","po":"6","c":4680}},{"type":"Feature","geometry":{"type":"Point","coordinates":[16.23672,67.89243]},"properties":{"id":20075,"n":"TJAJNELUOKTA","k":"HAMARØY","g":"nordl","po":"9","c":3120}},{"type":"Feature","geometry":{"type":"Point","coordinates":[13.5389,68.06018]},"properties":{"id":20096,"n":"SANDHOLMAN","k":"VESTVÅGØY","g":"nordl","po":"9","c":780}},{"type":"Feature","geometry":{"type":"Point","coordinates":[5.17448,60.24997]},"properties":{"id":20115,"n":"SKJERHOLMEN N","k":"ØYGARDEN","g":"vest","po":"3","c":3120}},{"type":"Feature","geometry":{"type":"Point","coordinates":[23.095,69.94792]},"properties":{"id":20176,"n":"YTRE SIMANES","k":"ALTA","g":"nord","po":null,"c":506}},{"type":"Feature","geometry":{"type":"Point","coordinates":[14.94822,68.33148]},"properties":{"id":20316,"n":"KORSNES","k":"HADSEL","g":"nordl","po":"9","c":3900}},{"type":"Feature","geometry":{"type":"Point","coordinates":[23.32798,70.2302]},"properties":{"id":20396,"n":"BERGSNES V","k":"ALTA","g":"nord","po":"12","c":2700}},{"type":"Feature","geometry":{"type":"Point","coordinates":[6.00937,60.04095]},"properties":{"id":20455,"n":"DJUPEVIKA","k":"KVINNHERAD","g":"vest","po":"3","c":3900}},{"type":"Feature","geometry":{"type":"Point","coordinates":[5.1079,60.26852]},"properties":{"id":20515,"n":"SKAGANESET","k":"ØYGARDEN","g":"vest","po":null,"c":600}},{"type":"Feature","geometry":{"type":"Point","coordinates":[8.75505,63.8225]},"properties":{"id":20559,"n":"LANGSKJÆRA","k":"FRØYA","g":"trond","po":"6","c":5460}},{"type":"Feature","geometry":{"type":"Point","coordinates":[17.52102,68.81382]},"properties":{"id":20576,"n":"KVANNTONESET","k":"LOABÁK - LAVANGEN","g":"nord","po":"10","c":4500}},{"type":"Feature","geometry":{"type":"Point","coordinates":[5.20763,60.16158]},"properties":{"id":20595,"n":"KYRHOLMEN S","k":"AUSTEVOLL","g":"vest","po":"3","c":3120}},{"type":"Feature","geometry":{"type":"Point","coordinates":[4.97325,60.53088]},"properties":{"id":20776,"n":"STOROKSEN","k":"ASKØY","g":"vest","po":"4","c":3120}},{"type":"Feature","geometry":{"type":"Point","coordinates":[7.36772,62.59785]},"properties":{"id":20796,"n":"SKARBUKTA","k":"VESTNES","g":"more","po":"5","c":3120}},{"type":"Feature","geometry":{"type":"Point","coordinates":[6.15763,62.33473]},"properties":{"id":20815,"n":"SLETTVIKA","k":"ØRSTA","g":"more","po":"5","c":4680}},{"type":"Feature","geometry":{"type":"Point","coordinates":[14.85465,68.84437]},"properties":{"id":20876,"n":"BØRØYA","k":"ØKSNES","g":"nordl","po":"9","c":3120}},{"type":"Feature","geometry":{"type":"Point","coordinates":[15.31587,68.94158]},"properties":{"id":20897,"n":"GISLØY S","k":"ØKSNES","g":"nordl","po":"9","c":3600}},{"type":"Feature","geometry":{"type":"Point","coordinates":[22.95742,70.54992]},"properties":{"id":21016,"n":"HUSFJORD","k":"HAMMERFEST","g":"nord","po":"12","c":7560}},{"type":"Feature","geometry":{"type":"Point","coordinates":[16.32142,68.08142]},"properties":{"id":21176,"n":"RISVIK","k":"HAMARØY","g":"nordl","po":"9","c":3120}},{"type":"Feature","geometry":{"type":"Point","coordinates":[5.03463,61.60227]},"properties":{"id":21235,"n":"HESTENESET","k":"KINN","g":"vest","po":null,"c":780}},{"type":"Feature","geometry":{"type":"Point","coordinates":[5.80735,61.16942]},"properties":{"id":21336,"n":"DJUPELEGET","k":"HØYANGER","g":"vest","po":"4","c":1560}},{"type":"Feature","geometry":{"type":"Point","coordinates":[13.96777,67.03693]},"properties":{"id":21397,"n":"MIDT FEMRIS","k":"GILDESKÅL","g":"nordl","po":"8","c":3600}},{"type":"Feature","geometry":{"type":"Point","coordinates":[5.8583,59.28548]},"properties":{"id":21415,"n":"DYRHOLMEN","k":"STAVANGER","g":"rog","po":"2","c":5140}},{"type":"Feature","geometry":{"type":"Point","coordinates":[11.53278,64.96537]},"properties":{"id":21495,"n":"RISVÆRGALTEN","k":"NÆRØYSUND","g":"trond","po":"7","c":4680}},{"type":"Feature","geometry":{"type":"Point","coordinates":[16.20447,68.05713]},"properties":{"id":21516,"n":"HULLØYHAMN Ø","k":"HAMARØY","g":"nordl","po":"9","c":3120}},{"type":"Feature","geometry":{"type":"Point","coordinates":[10.85407,64.60255]},"properties":{"id":21676,"n":"KRÅKHOLMEN","k":"FLATANGER","g":"trond","po":"7","c":6740}},{"type":"Feature","geometry":{"type":"Point","coordinates":[5.88532,59.73647]},"properties":{"id":21755,"n":"TENDALSVIK","k":"ETNE","g":"vest","po":"3","c":2640}},{"type":"Feature","geometry":{"type":"Point","coordinates":[15.38435,68.33972]},"properties":{"id":21795,"n":"SKARVHAUSEN","k":"LØDINGEN","g":"nordl","po":"9","c":3120}},{"type":"Feature","geometry":{"type":"Point","coordinates":[5.28493,59.95208]},"properties":{"id":21915,"n":"MATLØYSO","k":"FITJAR","g":"vest","po":"3","c":2780}},{"type":"Feature","geometry":{"type":"Point","coordinates":[13.43223,66.30832]},"properties":{"id":22035,"n":"BUKTODDEN NØ","k":"RANA","g":"nordl","po":"8","c":6240}},{"type":"Feature","geometry":{"type":"Point","coordinates":[5.92997,59.9844]},"properties":{"id":22095,"n":"HÅGARDSNESET","k":"KVINNHERAD","g":"vest","po":"3","c":2340}},{"type":"Feature","geometry":{"type":"Point","coordinates":[5.5593,60.21893]},"properties":{"id":22315,"n":"SKAVHELLA","k":"BJØRNAFJORDEN","g":"vest","po":"3","c":3600}},{"type":"Feature","geometry":{"type":"Point","coordinates":[6.97773,62.8021]},"properties":{"id":22335,"n":"STORVIKA","k":"HUSTADVIKA","g":"more","po":"5","c":6240}},{"type":"Feature","geometry":{"type":"Point","coordinates":[14.98248,68.67398]},"properties":{"id":22435,"n":"STRETARNESET","k":"HADSEL","g":"nordl","po":"9","c":3120}},{"type":"Feature","geometry":{"type":"Point","coordinates":[5.5954,62.16655]},"properties":{"id":22455,"n":"BJØRLYKKESTRANDA","k":"VANYLVEN","g":"more","po":"5","c":5460}},{"type":"Feature","geometry":{"type":"Point","coordinates":[17.09353,69.33533]},"properties":{"id":22495,"n":"VÆRNES","k":"SENJA","g":"nord","po":null,"c":1400}},{"type":"Feature","geometry":{"type":"Point","coordinates":[17.03839,69.19187]},"properties":{"id":22515,"n":"FLAKSTADVÅG HAVN","k":"SENJA","g":"nord","po":null,"c":150}},{"type":"Feature","geometry":{"type":"Point","coordinates":[5.80132,59.1944]},"properties":{"id":22596,"n":"HESBYGRUNNEN","k":"STAVANGER","g":"rog","po":"2","c":4680}},{"type":"Feature","geometry":{"type":"Point","coordinates":[11.05862,65.00192]},"properties":{"id":22775,"n":"KVALØYA","k":"NÆRØYSUND","g":"trond","po":"7","c":5460}},{"type":"Feature","geometry":{"type":"Point","coordinates":[13.09655,66.58757]},"properties":{"id":22796,"n":"RENGA S","k":"RØDØY","g":"nordl","po":"8","c":4680}},{"type":"Feature","geometry":{"type":"Point","coordinates":[5.11442,60.03818]},"properties":{"id":22915,"n":"KALSØYFLU","k":"AUSTEVOLL","g":"vest","po":"3","c":2340}},{"type":"Feature","geometry":{"type":"Point","coordinates":[5.58855,59.68518]},"properties":{"id":22955,"n":"SVOLLANDSNESET","k":"VINDAFJORD","g":"vest","po":"3","c":3120}},{"type":"Feature","geometry":{"type":"Point","coordinates":[14.11397,67.07103]},"properties":{"id":22995,"n":"OLDERVIK","k":"GILDESKÅL","g":"nordl","po":null,"c":1560}},{"type":"Feature","geometry":{"type":"Point","coordinates":[17.35732,69.04392]},"properties":{"id":23055,"n":"STORVIKA V","k":"DYRØY","g":"nord","po":"10","c":4315}},{"type":"Feature","geometry":{"type":"Point","coordinates":[17.26413,69.03768]},"properties":{"id":23056,"n":"LEKANGSUND II","k":"SENJA","g":"nord","po":"10","c":7560}},{"type":"Feature","geometry":{"type":"Point","coordinates":[5.72997,61.09998]},"properties":{"id":23375,"n":"SØREVIK","k":"HØYANGER","g":"vest","po":"4","c":3120}},{"type":"Feature","geometry":{"type":"Point","coordinates":[4.93593,61.20625]},"properties":{"id":23436,"n":"BJØRNHOLMEN","k":"SOLUND","g":"vest","po":"4","c":4680}},{"type":"Feature","geometry":{"type":"Point","coordinates":[17.64295,68.78528]},"properties":{"id":23755,"n":"KJEIPRØD","k":"LOABÁK - LAVANGEN","g":"nord","po":"10","c":4500}},{"type":"Feature","geometry":{"type":"Point","coordinates":[12.8942,66.25612]},"properties":{"id":23816,"n":"NORDBOTNET","k":"NESNA","g":"nordl","po":"8","c":4680}},{"type":"Feature","geometry":{"type":"Point","coordinates":[5.69928,60.17048]},"properties":{"id":24035,"n":"HÅVIKVÅGEN S","k":"BJØRNAFJORDEN","g":"vest","po":"3","c":2340}},{"type":"Feature","geometry":{"type":"Point","coordinates":[8.4127,63.41962]},"properties":{"id":24115,"n":"SINGSHOLMEN","k":"HITRA","g":"trond","po":"6","c":7020}},{"type":"Feature","geometry":{"type":"Point","coordinates":[5.9024,59.77833]},"properties":{"id":24135,"n":"UTÅKER","k":"KVINNHERAD","g":"vest","po":"3","c":3600}},{"type":"Feature","geometry":{"type":"Point","coordinates":[17.3398,69.42218]},"properties":{"id":24155,"n":"YTRE JØVIK","k":"SENJA","g":"nord","po":"10","c":5400}},{"type":"Feature","geometry":{"type":"Point","coordinates":[17.28757,69.41947]},"properties":{"id":24175,"n":"YTRE LAVOLLSFJORD","k":"SENJA","g":"nord","po":"10","c":3600}},{"type":"Feature","geometry":{"type":"Point","coordinates":[8.48388,63.41597]},"properties":{"id":24197,"n":"VÆRØYA Ø","k":"HITRA","g":"trond","po":"6","c":4680}},{"type":"Feature","geometry":{"type":"Point","coordinates":[13.67818,66.81468]},"properties":{"id":24295,"n":"ISBERGAN","k":"MELØY","g":"nordl","po":"8","c":3600}},{"type":"Feature","geometry":{"type":"Point","coordinates":[9.98142,64.11762]},"properties":{"id":24315,"n":"GJÆSINGEN","k":"ÅFJORD","g":"trond","po":"6","c":3120}},{"type":"Feature","geometry":{"type":"Point","coordinates":[5.18653,61.60395]},"properties":{"id":24455,"n":"KLAVELANDET","k":"KINN","g":"vest","po":"4","c":3900}},{"type":"Feature","geometry":{"type":"Point","coordinates":[23.39285,70.3414]},"properties":{"id":24535,"n":"STORHOLMEN","k":"ALTA","g":"nord","po":"12","c":5400}},{"type":"Feature","geometry":{"type":"Point","coordinates":[10.1222,64.18452]},"properties":{"id":24575,"n":"FARMANNSØYA","k":"ÅFJORD","g":"trond","po":"6","c":5460}},{"type":"Feature","geometry":{"type":"Point","coordinates":[4.91563,61.68485]},"properties":{"id":24615,"n":"GRUNNSØYA","k":"KINN","g":"vest","po":"4","c":3120}},{"type":"Feature","geometry":{"type":"Point","coordinates":[11.27292,64.59637]},"properties":{"id":24695,"n":"ÅRNES","k":"NAMSOS","g":"trond","po":"7","c":7800}},{"type":"Feature","geometry":{"type":"Point","coordinates":[5.39942,60.12668]},"properties":{"id":24735,"n":"GULHOLMEN","k":"BJØRNAFJORDEN","g":"vest","po":"3","c":3120}},{"type":"Feature","geometry":{"type":"Point","coordinates":[5.72502,59.87075]},"properties":{"id":24937,"n":"NEBBO","k":"KVINNHERAD","g":"vest","po":"3","c":3120}},{"type":"Feature","geometry":{"type":"Point","coordinates":[5.35118,60.06928]},"properties":{"id":24975,"n":"KVERNAVIKA","k":"TYSNES","g":"vest","po":"3","c":3900}},{"type":"Feature","geometry":{"type":"Point","coordinates":[5.38602,61.07675]},"properties":{"id":25055,"n":"BEKKSNESET","k":"HYLLESTAD","g":"vest","po":"4","c":5460}},{"type":"Feature","geometry":{"type":"Point","coordinates":[11.37247,64.94605]},"properties":{"id":25235,"n":"HUMULEN","k":"NÆRØYSUND","g":"trond","po":"7","c":4680}},{"type":"Feature","geometry":{"type":"Point","coordinates":[5.92918,62.25998]},"properties":{"id":25695,"n":"GJERDE","k":"ULSTEIN","g":"more","po":"5","c":2340}},{"type":"Feature","geometry":{"type":"Point","coordinates":[16.21152,67.92365]},"properties":{"id":25736,"n":"JOSOMMARSET","k":"HAMARØY","g":"nordl","po":"9","c":3120}},{"type":"Feature","geometry":{"type":"Point","coordinates":[5.53438,59.72365]},"properties":{"id":25815,"n":"TITTELSNES","k":"SVEIO","g":"vest","po":"3","c":3120}},{"type":"Feature","geometry":{"type":"Point","coordinates":[5.2315,60.15603]},"properties":{"id":25835,"n":"FLATØYFLU","k":"AUSTEVOLL","g":"vest","po":"3","c":3120}},{"type":"Feature","geometry":{"type":"Point","coordinates":[18.18007,69.66283]},"properties":{"id":25855,"n":"TUSSØYA","k":"TROMSØ","g":"nord","po":"11","c":3600}},{"type":"Feature","geometry":{"type":"Point","coordinates":[5.66598,59.89098]},"properties":{"id":25895,"n":"FLORNES","k":"TYSNES","g":"vest","po":"3","c":3880}},{"type":"Feature","geometry":{"type":"Point","coordinates":[5.63882,59.87577]},"properties":{"id":25896,"n":"SKORPO","k":"TYSNES","g":"vest","po":"3","c":3880}},{"type":"Feature","geometry":{"type":"Point","coordinates":[10.15912,64.14815]},"properties":{"id":25935,"n":"KRÅKØY SLAKTERI","k":"ÅFJORD","g":"trond","po":null,"c":600}},{"type":"Feature","geometry":{"type":"Point","coordinates":[16.40642,68.86627]},"properties":{"id":26055,"n":"TOPPSUND Ø","k":"HARSTAD","g":"nord","po":"10","c":8000}},{"type":"Feature","geometry":{"type":"Point","coordinates":[9.0756,63.45772]},"properties":{"id":26135,"n":"KJØRSVIKGRUNN","k":"HEIM","g":"trond","po":"6","c":7020}},{"type":"Feature","geometry":{"type":"Point","coordinates":[8.95817,63.44779]},"properties":{"id":26155,"n":"SLÅTTHOLMEN","k":"HEIM","g":"trond","po":"6","c":3120}},{"type":"Feature","geometry":{"type":"Point","coordinates":[5.5269,59.6088]},"properties":{"id":26235,"n":"STUALAND","k":"SVEIO","g":"vest","po":"3","c":3120}},{"type":"Feature","geometry":{"type":"Point","coordinates":[5.16,60.77947]},"properties":{"id":26295,"n":"LANGØY","k":"ALVER","g":"vest","po":"4","c":8280}},{"type":"Feature","geometry":{"type":"Point","coordinates":[10.91377,64.76597]},"properties":{"id":26315,"n":"NORDGJÆSLINGAN","k":"NÆRØYSUND","g":"trond","po":"7","c":3900}},{"type":"Feature","geometry":{"type":"Point","coordinates":[6.04255,61.11248]},"properties":{"id":26435,"n":"MJØLSVIK","k":"HØYANGER","g":"vest","po":"4","c":4680}},{"type":"Feature","geometry":{"type":"Point","coordinates":[16.52693,68.41263]},"properties":{"id":26495,"n":"JEVIK","k":"NARVIK","g":"nordl","po":"9","c":7000}},{"type":"Feature","geometry":{"type":"Point","coordinates":[6.33723,59.52033]},"properties":{"id":26575,"n":"TEIGANE","k":"SULDAL","g":"rog","po":null,"c":780}},{"type":"Feature","geometry":{"type":"Point","coordinates":[5.34222,60.03582]},"properties":{"id":26595,"n":"DJUPEVIKA","k":"TYSNES","g":"vest","po":"3","c":5460}},{"type":"Feature","geometry":{"type":"Point","coordinates":[16.06143,68.7656]},"properties":{"id":26615,"n":"HAUG","k":"KVÆFJORD","g":"nord","po":"10","c":4280}},{"type":"Feature","geometry":{"type":"Point","coordinates":[8.63613,63.81923]},"properties":{"id":26775,"n":"FJØLVÆRET Ø","k":"FRØYA","g":"trond","po":"6","c":3900}},{"type":"Feature","geometry":{"type":"Point","coordinates":[10.69603,64.41853]},"properties":{"id":26795,"n":"AUSTVIKA","k":"FLATANGER","g":"trond","po":"7","c":5460}},{"type":"Feature","geometry":{"type":"Point","coordinates":[12.26657,66.00063]},"properties":{"id":26815,"n":"HESTØY","k":"HERØY I NORDLAND","g":"nordl","po":null,"c":1600}},{"type":"Feature","geometry":{"type":"Point","coordinates":[17.06145,69.06865]},"properties":{"id":26935,"n":"FROVÅGNESET","k":"SENJA","g":"nord","po":"10","c":2700}},{"type":"Feature","geometry":{"type":"Point","coordinates":[5.85287,59.4592]},"properties":{"id":26955,"n":"HETTANESET","k":"VINDAFJORD","g":"rog","po":"2","c":1560}},{"type":"Feature","geometry":{"type":"Point","coordinates":[22.24615,70.14052]},"properties":{"id":27015,"n":"KJØSEN","k":"LOPPA","g":"nord","po":"12","c":2700}},{"type":"Feature","geometry":{"type":"Point","coordinates":[4.96893,61.54037]},"properties":{"id":27055,"n":"ODDANE","k":"KINN","g":"vest","po":"4","c":3900}},{"type":"Feature","geometry":{"type":"Point","coordinates":[5.58663,59.7215]},"properties":{"id":27095,"n":"IHLHOLMEN","k":"VINDAFJORD","g":"vest","po":"3","c":2340}},{"type":"Feature","geometry":{"type":"Point","coordinates":[14.64253,68.78403]},"properties":{"id":27176,"n":"JENNSKARBOTN","k":"BØ I NORDLAND","g":"nord","po":null,"c":400}},{"type":"Feature","geometry":{"type":"Point","coordinates":[6.72668,62.6505]},"properties":{"id":27215,"n":"MYRANE","k":"VESTNES","g":"more","po":"5","c":3120}},{"type":"Feature","geometry":{"type":"Point","coordinates":[6.20838,60.26367]},"properties":{"id":27315,"n":"VIKANE 1","k":"ULLENSVANG","g":"vest","po":"3","c":2145}},{"type":"Feature","geometry":{"type":"Point","coordinates":[7.51513,63.0573]},"properties":{"id":27376,"n":"HENDNESET","k":"AVERØY","g":"more","po":null,"c":910}},{"type":"Feature","geometry":{"type":"Point","coordinates":[6.77835,62.84568]},"properties":{"id":27395,"n":"RINDARØY","k":"AUKRA","g":"more","po":null,"c":400}},{"type":"Feature","geometry":{"type":"Point","coordinates":[7.85437,63.25622]},"properties":{"id":27436,"n":"SOLVÆRET","k":"SMØLA","g":"trond","po":"6","c":8580}},{"type":"Feature","geometry":{"type":"Point","coordinates":[19.52328,69.83065]},"properties":{"id":27476,"n":"SOLHEIM","k":"KARLSØY","g":"nord","po":"11","c":7200}},{"type":"Feature","geometry":{"type":"Point","coordinates":[20.99055,70.0345]},"properties":{"id":27737,"n":"SKJERVØY","k":"SKJERVØY","g":"nord","po":null,"c":1800}},{"type":"Feature","geometry":{"type":"Point","coordinates":[15.1212,67.26533]},"properties":{"id":27856,"n":"HUNDHOLMEN","k":"FAUSKE","g":"nordl","po":"8","c":1560}},{"type":"Feature","geometry":{"type":"Point","coordinates":[12.36623,65.31128]},"properties":{"id":27876,"n":"OLDERBAKKEN","k":"SØMNA","g":"trond","po":"7","c":3120}},{"type":"Feature","geometry":{"type":"Point","coordinates":[12.24458,65.91832]},"properties":{"id":27976,"n":"BUKKHOLMEN","k":"ALSTAHAUG","g":"nordl","po":"8","c":4680}},{"type":"Feature","geometry":{"type":"Point","coordinates":[15.23658,68.33882]},"properties":{"id":27996,"n":"KALVHODET","k":"VÅGAN","g":"nordl","po":"9","c":4990}},{"type":"Feature","geometry":{"type":"Point","coordinates":[13.89842,67.11838]},"properties":{"id":28036,"n":"LANGSKJÆRAN","k":"GILDESKÅL","g":"nordl","po":"8","c":3900}},{"type":"Feature","geometry":{"type":"Point","coordinates":[5.98335,59.83247]},"properties":{"id":28096,"n":"SLÅTTENES","k":"KVINNHERAD","g":"vest","po":"3","c":1560}},{"type":"Feature","geometry":{"type":"Point","coordinates":[16.91437,68.40205]},"properties":{"id":28196,"n":"KVERNES","k":"NARVIK","g":"nordl","po":"9","c":1560}},{"type":"Feature","geometry":{"type":"Point","coordinates":[16.03728,68.71633]},"properties":{"id":28296,"n":"SKOMMESVIK","k":"KVÆFJORD","g":"nord","po":"10","c":4395}},{"type":"Feature","geometry":{"type":"Point","coordinates":[12.68205,66.1609]},"properties":{"id":28336,"n":"BREIVIKA","k":"DØNNA","g":"nordl","po":"8","c":3900}},{"type":"Feature","geometry":{"type":"Point","coordinates":[5.63925,60.08387]},"properties":{"id":28396,"n":"LINDARHOLMEN","k":"TYSNES","g":"vest","po":"3","c":3100}},{"type":"Feature","geometry":{"type":"Point","coordinates":[5.6922,60.45657]},"properties":{"id":28416,"n":"SANDVIK","k":"VAKSDAL","g":"vest","po":"4","c":2340}},{"type":"Feature","geometry":{"type":"Point","coordinates":[13.12603,66.4367]},"properties":{"id":28676,"n":"OLVIKA","k":"LURØY","g":"nordl","po":"8","c":3900}},{"type":"Feature","geometry":{"type":"Point","coordinates":[13.98178,67.13773]},"properties":{"id":28856,"n":"SKAUHOLMEN","k":"GILDESKÅL","g":"nordl","po":null,"c":780}},{"type":"Feature","geometry":{"type":"Point","coordinates":[12.95467,66.61802]},"properties":{"id":28896,"n":"STANGHOLMEN","k":"RØDØY","g":"nordl","po":"8","c":3120}},{"type":"Feature","geometry":{"type":"Point","coordinates":[13.46147,66.81998]},"properties":{"id":28956,"n":"MELØYSJØEN","k":"MELØY","g":"nordl","po":"8","c":4680}},{"type":"Feature","geometry":{"type":"Point","coordinates":[5.0635,60.403]},"properties":{"id":28976,"n":"KELVESTEINEN","k":"ØYGARDEN","g":"vest","po":"3","c":3120}},{"type":"Feature","geometry":{"type":"Point","coordinates":[5.54372,59.69178]},"properties":{"id":28996,"n":"LODDETÅ","k":"SVEIO","g":"vest","po":"3","c":3120}},{"type":"Feature","geometry":{"type":"Point","coordinates":[11.59435,64.96448]},"properties":{"id":29016,"n":"BÅFJORDSTRANDA","k":"NÆRØYSUND","g":"trond","po":"7","c":4680}},{"type":"Feature","geometry":{"type":"Point","coordinates":[14.81983,68.44393]},"properties":{"id":29096,"n":"GRØTTØY","k":"HADSEL","g":"nordl","po":"9","c":3120}},{"type":"Feature","geometry":{"type":"Point","coordinates":[8.16713,63.44995]},"properties":{"id":29116,"n":"REIRÅKLAKKEN","k":"SMØLA","g":"trond","po":"6","c":6240}},{"type":"Feature","geometry":{"type":"Point","coordinates":[4.9317,60.50933]},"properties":{"id":29276,"n":"RONGØY","k":"ØYGARDEN","g":"vest","po":"4","c":4680}},{"type":"Feature","geometry":{"type":"Point","coordinates":[13.87522,67.0951]},"properties":{"id":29296,"n":"FLEINA","k":"GILDESKÅL","g":"nordl","po":"8","c":3900}},{"type":"Feature","geometry":{"type":"Point","coordinates":[5.26865,60.11805]},"properties":{"id":29336,"n":"TRÆLSØYOSEN","k":"AUSTEVOLL","g":"vest","po":"3","c":3120}},{"type":"Feature","geometry":{"type":"Point","coordinates":[11.54245,64.75597]},"properties":{"id":29356,"n":"SMINESET N","k":"NAMSOS","g":"trond","po":"7","c":4680}},{"type":"Feature","geometry":{"type":"Point","coordinates":[12.77028,66.17637]},"properties":{"id":29376,"n":"SUNDSØY","k":"DØNNA","g":"nordl","po":"8","c":3900}},{"type":"Feature","geometry":{"type":"Point","coordinates":[29.21533,70.02058]},"properties":{"id":29416,"n":"ÅPENVIK","k":"UNJÁRGA - NESSEBY","g":"nord","po":"13","c":3480}},{"type":"Feature","geometry":{"type":"Point","coordinates":[18.65358,69.73063]},"properties":{"id":29458,"n":"BLÅMANNSVIK","k":"TROMSØ","g":"nord","po":"11","c":1890}},{"type":"Feature","geometry":{"type":"Point","coordinates":[18.36398,69.70953]},"properties":{"id":29476,"n":"KLOKKARDALEN","k":"TROMSØ","g":"nord","po":"11","c":5400}},{"type":"Feature","geometry":{"type":"Point","coordinates":[13.63342,68.08553]},"properties":{"id":29516,"n":"MORTSUND","k":"VESTVÅGØY","g":"nordl","po":null,"c":300}},{"type":"Feature","geometry":{"type":"Point","coordinates":[10.63072,64.45463]},"properties":{"id":29537,"n":"ELDVIKTAREN","k":"FLATANGER","g":"trond","po":"7","c":6740}},{"type":"Feature","geometry":{"type":"Point","coordinates":[23.63422,70.4793]},"properties":{"id":29557,"n":"KOMAGNES","k":"HAMMERFEST","g":"nord","po":"12","c":7560}},{"type":"Feature","geometry":{"type":"Point","coordinates":[15.57043,67.51317]},"properties":{"id":29576,"n":"KALVIK","k":"SØRFOLD","g":"nordl","po":"9","c":5460}},{"type":"Feature","geometry":{"type":"Point","coordinates":[5.01993,61.1051]},"properties":{"id":29656,"n":"JUVIKA","k":"SOLUND","g":"vest","po":"4","c":2340}},{"type":"Feature","geometry":{"type":"Point","coordinates":[9.24522,63.3667]},"properties":{"id":29697,"n":"HAFSMO","k":"ORKLAND","g":"trond","po":null,"c":2840}},{"type":"Feature","geometry":{"type":"Point","coordinates":[17.57155,69.48227]},"properties":{"id":29756,"n":"INDRE BRINGENES","k":"SENJA","g":"nord","po":"10","c":6700}},{"type":"Feature","geometry":{"type":"Point","coordinates":[13.60138,66.86842]},"properties":{"id":29776,"n":"TEKSMONA","k":"MELØY","g":"nordl","po":"8","c":3120}},{"type":"Feature","geometry":{"type":"Point","coordinates":[6.12113,60.14622]},"properties":{"id":29816,"n":"APALVIKNESET","k":"ULLENSVANG","g":"vest","po":"3","c":2925}},{"type":"Feature","geometry":{"type":"Point","coordinates":[10.76167,64.52398]},"properties":{"id":29876,"n":"FLOTAREN","k":"FLATANGER","g":"trond","po":"7","c":3120}},{"type":"Feature","geometry":{"type":"Point","coordinates":[8.6172,63.17612]},"properties":{"id":29896,"n":"RENNDALEN","k":"HEIM","g":"trond","po":"6","c":3120}},{"type":"Feature","geometry":{"type":"Point","coordinates":[5.77642,59.9778]},"properties":{"id":29936,"n":"YSTADNESET","k":"KVINNHERAD","g":"vest","po":"3","c":3900}},{"type":"Feature","geometry":{"type":"Point","coordinates":[7.06875,58.05583]},"properties":{"id":29957,"n":"NAKKESTAD","k":"LYNGDAL","g":"sor","po":"1","c":1560}},{"type":"Feature","geometry":{"type":"Point","coordinates":[5.93862,59.2955]},"properties":{"id":30036,"n":"JØRSTADSKJERA","k":"STAVANGER","g":"rog","po":"2","c":3600}},{"type":"Feature","geometry":{"type":"Point","coordinates":[10.80663,64.76402]},"properties":{"id":30076,"n":"KYRØYENE","k":"NÆRØYSUND","g":"trond","po":"7","c":7020}},{"type":"Feature","geometry":{"type":"Point","coordinates":[13.33115,66.73298]},"properties":{"id":30097,"n":"DJUPVIK","k":"RØDØY","g":"nordl","po":"8","c":3120}},{"type":"Feature","geometry":{"type":"Point","coordinates":[20.97827,69.96132]},"properties":{"id":30117,"n":"SKOGNES","k":"SKJERVØY","g":"nord","po":"11","c":3590}},{"type":"Feature","geometry":{"type":"Point","coordinates":[8.68367,63.65805]},"properties":{"id":30137,"n":"EDØYA II","k":"HITRA","g":"trond","po":"6","c":3120}},{"type":"Feature","geometry":{"type":"Point","coordinates":[15.26433,68.00592]},"properties":{"id":30156,"n":"ANEVIK","k":"STEIGEN","g":"nordl","po":"9","c":5400}},{"type":"Feature","geometry":{"type":"Point","coordinates":[15.44432,67.7292]},"properties":{"id":30176,"n":"FLEHAMMER","k":"STEIGEN","g":"nordl","po":"9","c":4000}},{"type":"Feature","geometry":{"type":"Point","coordinates":[11.76302,64.89295]},"properties":{"id":30177,"n":"TORGERHAUGEN","k":"NÆRØYSUND","g":"trond","po":"7","c":2340}},{"type":"Feature","geometry":{"type":"Point","coordinates":[5.35502,60.83205]},"properties":{"id":30196,"n":"ÅDNEKVAMME","k":"MASFJORDEN","g":"vest","po":"4","c":100}},{"type":"Feature","geometry":{"type":"Point","coordinates":[17.6465,69.14508]},"properties":{"id":30216,"n":"KVITFLOGET","k":"SENJA","g":"nord","po":"10","c":6615}},{"type":"Feature","geometry":{"type":"Point","coordinates":[20.78943,70.13225]},"properties":{"id":30217,"n":"STORELVA","k":"SKJERVØY","g":"nord","po":"11","c":3590}},{"type":"Feature","geometry":{"type":"Point","coordinates":[16.29162,68.91163]},"properties":{"id":30236,"n":"TOPPSUND V","k":"HARSTAD","g":"nord","po":"10","c":5670}},{"type":"Feature","geometry":{"type":"Point","coordinates":[8.95568,63.45832]},"properties":{"id":30257,"n":"HAUSAN","k":"HEIM","g":"trond","po":"6","c":6240}},{"type":"Feature","geometry":{"type":"Point","coordinates":[9.88323,63.94257]},"properties":{"id":30297,"n":"KRABBHOLMEN","k":"ÅFJORD","g":"trond","po":"6","c":6240}},{"type":"Feature","geometry":{"type":"Point","coordinates":[7.67027,63.09993]},"properties":{"id":30377,"n":"HOGSNESET N","k":"AVERØY","g":"trond","po":"6","c":3120}},{"type":"Feature","geometry":{"type":"Point","coordinates":[17.68705,69.51847]},"properties":{"id":30517,"n":"TRÆLVIKA","k":"SENJA","g":"nord","po":"10","c":3600}},{"type":"Feature","geometry":{"type":"Point","coordinates":[17.67292,69.49138]},"properties":{"id":30518,"n":"ØRNFJORDBOTN","k":"SENJA","g":"nord","po":"10","c":1800}},{"type":"Feature","geometry":{"type":"Point","coordinates":[11.51598,65.13483]},"properties":{"id":30537,"n":"STEINFLESA","k":"LEKA","g":"trond","po":"7","c":7020}},{"type":"Feature","geometry":{"type":"Point","coordinates":[4.86232,60.81255]},"properties":{"id":30559,"n":"ØKSNESET","k":"AUSTRHEIM","g":"vest","po":"4","c":5460}},{"type":"Feature","geometry":{"type":"Point","coordinates":[9.61918,63.86893]},"properties":{"id":30560,"n":"TRISTEINEN","k":"ØRLAND","g":"trond","po":"6","c":4680}},{"type":"Feature","geometry":{"type":"Point","coordinates":[5.65583,62.32152]},"properties":{"id":30597,"n":"EGGESBØNES","k":"HERØY I MØRE OG ROMSDAL","g":"more","po":null,"c":780}},{"type":"Feature","geometry":{"type":"Point","coordinates":[16.21425,68.02507]},"properties":{"id":30637,"n":"RAHKASLUOKTA","k":"HAMARØY","g":"nordl","po":"9","c":3120}},{"type":"Feature","geometry":{"type":"Point","coordinates":[7.0268,58.0243]},"properties":{"id":30657,"n":"REVØY","k":"LYNGDAL","g":"sor","po":"1","c":780}},{"type":"Feature","geometry":{"type":"Point","coordinates":[6.4012,60.41365]},"properties":{"id":30717,"n":"TVEITNES","k":"KVAM","g":"vest","po":"3","c":2340}},{"type":"Feature","geometry":{"type":"Point","coordinates":[17.87868,69.47433]},"properties":{"id":30757,"n":"SKOG","k":"SENJA","g":"nord","po":"10","c":2830}},{"type":"Feature","geometry":{"type":"Point","coordinates":[14.1253,67.02837]},"properties":{"id":30857,"n":"LEIRVIK","k":"GILDESKÅL","g":"nordl","po":"8","c":2340}},{"type":"Feature","geometry":{"type":"Point","coordinates":[18.24912,69.74722]},"properties":{"id":30877,"n":"SESSØYA","k":"TROMSØ","g":"nord","po":"11","c":7200}},{"type":"Feature","geometry":{"type":"Point","coordinates":[16.28237,68.87712]},"properties":{"id":30917,"n":"ELGEN","k":"HARSTAD","g":"nord","po":"10","c":3120}},{"type":"Feature","geometry":{"type":"Point","coordinates":[16.25385,68.03358]},"properties":{"id":30957,"n":"SALALUOKTA","k":"HAMARØY","g":"nordl","po":"9","c":3120}},{"type":"Feature","geometry":{"type":"Point","coordinates":[13.79007,68.10487]},"properties":{"id":30977,"n":"ÆSØYA","k":"VESTVÅGØY","g":"nordl","po":"9","c":1560}},{"type":"Feature","geometry":{"type":"Point","coordinates":[11.16218,64.80173]},"properties":{"id":30997,"n":"SKRUBBHOLMEN","k":"NÆRØYSUND","g":"trond","po":"7","c":3120}},{"type":"Feature","geometry":{"type":"Point","coordinates":[5.21455,60.22007]},"properties":{"id":31038,"n":"BUARØY","k":"ØYGARDEN","g":"vest","po":"3","c":4680}},{"type":"Feature","geometry":{"type":"Point","coordinates":[17.30377,68.47297]},"properties":{"id":31077,"n":"TJUKKENESET","k":"EVENES","g":"nordl","po":"9","c":6000}},{"type":"Feature","geometry":{"type":"Point","coordinates":[17.69027,68.89478]},"properties":{"id":31097,"n":"ROTVIKA","k":"SALANGEN","g":"nord","po":null,"c":600}},{"type":"Feature","geometry":{"type":"Point","coordinates":[5.71343,60.15602]},"properties":{"id":31117,"n":"SKRUBBO","k":"BJØRNAFJORDEN","g":"vest","po":"3","c":3120}},{"type":"Feature","geometry":{"type":"Point","coordinates":[22.32102,70.19168]},"properties":{"id":31137,"n":"DANIELSNES","k":"LOPPA","g":"nord","po":"12","c":3600}},{"type":"Feature","geometry":{"type":"Point","coordinates":[5.12483,60.17688]},"properties":{"id":31157,"n":"FIKSNESET","k":"ØYGARDEN","g":"vest","po":"3","c":1560}},{"type":"Feature","geometry":{"type":"Point","coordinates":[16.0974,68.77958]},"properties":{"id":31177,"n":"HILDERKLEIVA","k":"KVÆFJORD","g":"nord","po":"10","c":1200}},{"type":"Feature","geometry":{"type":"Point","coordinates":[12.59178,65.78252]},"properties":{"id":31217,"n":"STOKKASJØEN","k":"VEVELSTAD","g":"nordl","po":"8","c":4680}},{"type":"Feature","geometry":{"type":"Point","coordinates":[17.33867,68.48592]},"properties":{"id":31297,"n":"TORTENNESET","k":"NARVIK","g":"nordl","po":"9","c":3120}},{"type":"Feature","geometry":{"type":"Point","coordinates":[16.13142,68.02925]},"properties":{"id":31317,"n":"BJØRKVIK","k":"HAMARØY","g":"nordl","po":"9","c":3600}},{"type":"Feature","geometry":{"type":"Point","coordinates":[8.2298,63.27048]},"properties":{"id":31338,"n":"STORSKJERET","k":"AURE","g":"trond","po":"6","c":7800}},{"type":"Feature","geometry":{"type":"Point","coordinates":[11.18922,64.75127]},"properties":{"id":31357,"n":"GEITRYGGEN","k":"NÆRØYSUND","g":"trond","po":"7","c":4680}},{"type":"Feature","geometry":{"type":"Point","coordinates":[16.70137,68.9288]},"properties":{"id":31397,"n":"OTERNESET","k":"HARSTAD","g":"nord","po":"10","c":8000}},{"type":"Feature","geometry":{"type":"Point","coordinates":[18.80708,69.89233]},"properties":{"id":31398,"n":"FINNVIK","k":"TROMSØ","g":"nord","po":"11","c":5670}},{"type":"Feature","geometry":{"type":"Point","coordinates":[8.16777,63.44715]},"properties":{"id":31437,"n":"FUGLÅSEN","k":"SMØLA","g":"trond","po":"6","c":3120}},{"type":"Feature","geometry":{"type":"Point","coordinates":[20.7111,69.99355]},"properties":{"id":31457,"n":"SKARVESTEIN","k":"SKJERVØY","g":"nord","po":"11","c":5400}},{"type":"Feature","geometry":{"type":"Point","coordinates":[4.9192,60.67003]},"properties":{"id":31497,"n":"TOSKA N","k":"ALVER","g":"vest","po":"4","c":3620}},{"type":"Feature","geometry":{"type":"Point","coordinates":[8.46382,63.81835]},"properties":{"id":31557,"n":"VALØYAN","k":"FRØYA","g":"trond","po":"6","c":6240}},{"type":"Feature","geometry":{"type":"Point","coordinates":[6.099,61.84092]},"properties":{"id":31577,"n":"HANEHOLMEN","k":"GLOPPEN","g":"vest","po":"4","c":1560}},{"type":"Feature","geometry":{"type":"Point","coordinates":[12.2005,66.08142]},"properties":{"id":31637,"n":"MELKØYA","k":"HERØY I NORDLAND","g":"nordl","po":"8","c":3120}},{"type":"Feature","geometry":{"type":"Point","coordinates":[6.67125,62.79658]},"properties":{"id":31677,"n":"SANDHOLMANE","k":"AUKRA","g":"more","po":"5","c":4680}},{"type":"Feature","geometry":{"type":"Point","coordinates":[4.94065,60.43418]},"properties":{"id":31697,"n":"OKSEN","k":"ØYGARDEN","g":"vest","po":"3","c":4680}},{"type":"Feature","geometry":{"type":"Point","coordinates":[17.94842,69.15398]},"properties":{"id":31738,"n":"BJØRGA","k":"SØRREISA","g":"nord","po":"10","c":3600}},{"type":"Feature","geometry":{"type":"Point","coordinates":[16.91402,68.79125]},"properties":{"id":31757,"n":"KASTEBERGET","k":"IBESTAD","g":"nord","po":"10","c":5500}},{"type":"Feature","geometry":{"type":"Point","coordinates":[24.45048,70.82852]},"properties":{"id":31797,"n":"FARTØYVIKA","k":"MÅSØY","g":"nord","po":"12","c":7200}},{"type":"Feature","geometry":{"type":"Point","coordinates":[16.77547,68.71828]},"properties":{"id":31817,"n":"SVARTSKJÆR","k":"IBESTAD","g":"nord","po":"10","c":5400}},{"type":"Feature","geometry":{"type":"Point","coordinates":[12.31198,65.85623]},"properties":{"id":31857,"n":"BLOMSØRÅSA","k":"ALSTAHAUG","g":"nordl","po":"8","c":3120}},{"type":"Feature","geometry":{"type":"Point","coordinates":[11.23552,64.62112]},"properties":{"id":31877,"n":"BARØYA","k":"NAMSOS","g":"trond","po":"7","c":2860}},{"type":"Feature","geometry":{"type":"Point","coordinates":[23.82743,70.71337]},"properties":{"id":31917,"n":"KIRKENESET","k":"HAMMERFEST","g":"nord","po":"12","c":2700}},{"type":"Feature","geometry":{"type":"Point","coordinates":[9.95478,63.97185]},"properties":{"id":31958,"n":"RATVIKA","k":"ÅFJORD","g":"trond","po":"6","c":3120}},{"type":"Feature","geometry":{"type":"Point","coordinates":[12.77772,66.3489]},"properties":{"id":32037,"n":"GRASHOLMAN","k":"LURØY","g":"nordl","po":"8","c":3900}},{"type":"Feature","geometry":{"type":"Point","coordinates":[10.93522,64.81865]},"properties":{"id":32057,"n":"LYNGØY","k":"NÆRØYSUND","g":"trond","po":"7","c":4680}},{"type":"Feature","geometry":{"type":"Point","coordinates":[5.64403,60.34838]},"properties":{"id":32137,"n":"SAGEN 2","k":"SAMNANGER","g":"vest","po":"3","c":780}},{"type":"Feature","geometry":{"type":"Point","coordinates":[5.23015,59.92802]},"properties":{"id":32157,"n":"DYRHOLMEN V","k":"FITJAR","g":"vest","po":"3","c":1560}},{"type":"Feature","geometry":{"type":"Point","coordinates":[6.55763,62.64467]},"properties":{"id":32197,"n":"DRYNA","k":"MOLDE","g":"more","po":"5","c":6240}},{"type":"Feature","geometry":{"type":"Point","coordinates":[21.77233,70.28348]},"properties":{"id":32237,"n":"GEITELVA","k":"LOPPA","g":"nord","po":"12","c":3600}},{"type":"Feature","geometry":{"type":"Point","coordinates":[16.66875,68.86642]},"properties":{"id":32257,"n":"KJØTTA V","k":"HARSTAD","g":"nord","po":"10","c":5500}},{"type":"Feature","geometry":{"type":"Point","coordinates":[7.8523,63.46922]},"properties":{"id":32277,"n":"ANDHOLMEN 1","k":"SMØLA","g":"trond","po":"6","c":5460}},{"type":"Feature","geometry":{"type":"Point","coordinates":[4.66087,61.29777]},"properties":{"id":32317,"n":"GURIØYNA","k":"ASKVOLL","g":"vest","po":"4","c":1560}},{"type":"Feature","geometry":{"type":"Point","coordinates":[5.04728,61.57187]},"properties":{"id":32337,"n":"VEIESUND","k":"KINN","g":"vest","po":"4","c":3900}},{"type":"Feature","geometry":{"type":"Point","coordinates":[20.75878,70.09062]},"properties":{"id":32357,"n":"SKARET","k":"SKJERVØY","g":"nord","po":null,"c":600}},{"type":"Feature","geometry":{"type":"Point","coordinates":[15.27523,67.20397]},"properties":{"id":32397,"n":"STORVIKA I SKJERSTADFJORDEN","k":"BODØ","g":"nordl","po":"8","c":4836}},{"type":"Feature","geometry":{"type":"Point","coordinates":[5.2287,60.00458]},"properties":{"id":32417,"n":"HJARTHOLMOSEN","k":"AUSTEVOLL","g":"vest","po":"3","c":2500}},{"type":"Feature","geometry":{"type":"Point","coordinates":[5.21725,59.41082]},"properties":{"id":32457,"n":"DALSVÅG NV","k":"KARMØY","g":"vest","po":"3","c":3120}},{"type":"Feature","geometry":{"type":"Point","coordinates":[14.9616,68.69548]},"properties":{"id":32497,"n":"DALJORDA","k":"SORTLAND","g":"nordl","po":"9","c":3120}},{"type":"Feature","geometry":{"type":"Point","coordinates":[4.89798,60.99642]},"properties":{"id":32518,"n":"KUØYNA","k":"GULEN","g":"vest","po":"4","c":3120}},{"type":"Feature","geometry":{"type":"Point","coordinates":[17.77085,69.54605]},"properties":{"id":32537,"n":"BALTSFJORD","k":"SENJA","g":"nord","po":"10","c":3600}},{"type":"Feature","geometry":{"type":"Point","coordinates":[5.16857,60.08165]},"properties":{"id":32577,"n":"KLAMMERHOLMEN","k":"AUSTEVOLL","g":"vest","po":"3","c":2340}},{"type":"Feature","geometry":{"type":"Point","coordinates":[7.92807,63.25652]},"properties":{"id":32597,"n":"FJORDPRAKKEN","k":"SMØLA","g":"trond","po":"6","c":6240}},{"type":"Feature","geometry":{"type":"Point","coordinates":[24.58722,70.64028]},"properties":{"id":32598,"n":"KOKELV","k":"HAMMERFEST","g":"nord","po":"12","c":3600}},{"type":"Feature","geometry":{"type":"Point","coordinates":[22.89265,70.1421]},"properties":{"id":32617,"n":"YTRE KOVEN","k":"ALTA","g":"nord","po":"12","c":5670}},{"type":"Feature","geometry":{"type":"Point","coordinates":[30.13658,70.53992]},"properties":{"id":32637,"n":"VEIDNES","k":"BÅTSFJORD","g":"nord","po":"13","c":5900}},{"type":"Feature","geometry":{"type":"Point","coordinates":[8.667,63.67788]},"properties":{"id":32677,"n":"ESPNESTAREN","k":"FRØYA","g":"trond","po":"6","c":4680}},{"type":"Feature","geometry":{"type":"Point","coordinates":[14.95163,68.51185]},"properties":{"id":32697,"n":"STEILO","k":"HADSEL","g":"nordl","po":"9","c":3900}},{"type":"Feature","geometry":{"type":"Point","coordinates":[5.11707,60.10083]},"properties":{"id":32757,"n":"HORGEFJORDEN","k":"AUSTEVOLL","g":"vest","po":"3","c":1560}},{"type":"Feature","geometry":{"type":"Point","coordinates":[17.61023,69.5569]},"properties":{"id":32777,"n":"HUNDBERGAN","k":"SENJA","g":"nord","po":"10","c":3599}},{"type":"Feature","geometry":{"type":"Point","coordinates":[25.00627,70.9178]},"properties":{"id":32797,"n":"ELVEVIKA","k":"MÅSØY","g":"nord","po":"12","c":3599}},{"type":"Feature","geometry":{"type":"Point","coordinates":[5.0801,59.83193]},"properties":{"id":32857,"n":"TRETTHOLMOSEN","k":"BØMLO","g":"vest","po":"3","c":2340}},{"type":"Feature","geometry":{"type":"Point","coordinates":[5.29368,60.17332]},"properties":{"id":32877,"n":"SKORPO","k":"BJØRNAFJORDEN","g":"vest","po":"3","c":3120}},{"type":"Feature","geometry":{"type":"Point","coordinates":[12.68207,66.15802]},"properties":{"id":32897,"n":"BREIVIKA S","k":"DØNNA","g":"nordl","po":"8","c":3900}},{"type":"Feature","geometry":{"type":"Point","coordinates":[17.34692,68.81815]},"properties":{"id":32917,"n":"GREGUSVIKA","k":"IBESTAD","g":"nord","po":"10","c":5400}},{"type":"Feature","geometry":{"type":"Point","coordinates":[6.1167,61.15267]},"properties":{"id":32977,"n":"MÅREN","k":"HØYANGER","g":"vest","po":"4","c":3120}},{"type":"Feature","geometry":{"type":"Point","coordinates":[15.12268,68.28668]},"properties":{"id":32997,"n":"RAVEN","k":"VÅGAN","g":"nordl","po":"9","c":4680}},{"type":"Feature","geometry":{"type":"Point","coordinates":[6.93767,62.73835]},"properties":{"id":33017,"n":"SETEVIKA N","k":"MOLDE","g":"more","po":"5","c":3120}},{"type":"Feature","geometry":{"type":"Point","coordinates":[5.13172,61.20583]},"properties":{"id":33077,"n":"ELVENESET","k":"HYLLESTAD","g":"vest","po":"4","c":3120}},{"type":"Feature","geometry":{"type":"Point","coordinates":[20.94965,70.04375]},"properties":{"id":33097,"n":"SKJERVØY V","k":"SKJERVØY","g":"nord","po":"11","c":3600}},{"type":"Feature","geometry":{"type":"Point","coordinates":[15.34815,68.60365]},"properties":{"id":33117,"n":"DJUPVIK","k":"SORTLAND","g":"nordl","po":"9","c":1280}},{"type":"Feature","geometry":{"type":"Point","coordinates":[17.42953,68.71352]},"properties":{"id":33137,"n":"BRATTBERG","k":"GRATANGEN","g":"nord","po":null,"c":900}},{"type":"Feature","geometry":{"type":"Point","coordinates":[12.07053,65.83142]},"properties":{"id":33157,"n":"SKOGSHOLMEN","k":"VEGA","g":"nordl","po":"8","c":3120}},{"type":"Feature","geometry":{"type":"Point","coordinates":[23.63825,70.44958]},"properties":{"id":33197,"n":"JERNELVA","k":"HAMMERFEST","g":"nord","po":"12","c":2700}},{"type":"Feature","geometry":{"type":"Point","coordinates":[9.88505,64.08505]},"properties":{"id":33218,"n":"HOSENØYAN","k":"ÅFJORD","g":"trond","po":"6","c":6240}},{"type":"Feature","geometry":{"type":"Point","coordinates":[17.15252,68.75842]},"properties":{"id":33237,"n":"BREIVOLL","k":"IBESTAD","g":"nord","po":null,"c":700}},{"type":"Feature","geometry":{"type":"Point","coordinates":[12.48148,66.03093]},"properties":{"id":33297,"n":"NYE SKORPA","k":"DØNNA","g":"nordl","po":"8","c":2560}},{"type":"Feature","geometry":{"type":"Point","coordinates":[5.71982,60.11968]},"properties":{"id":33337,"n":"LYNGNES","k":"BJØRNAFJORDEN","g":"vest","po":"3","c":3120}},{"type":"Feature","geometry":{"type":"Point","coordinates":[9.82332,63.91127]},"properties":{"id":33417,"n":"PERSFLUA","k":"ØRLAND","g":"trond","po":"6","c":3120}},{"type":"Feature","geometry":{"type":"Point","coordinates":[15.70465,67.75467]},"properties":{"id":33457,"n":"ÅNDERBAKK","k":"STEIGEN","g":"nordl","po":"9","c":3900}},{"type":"Feature","geometry":{"type":"Point","coordinates":[15.4441,68.76978]},"properties":{"id":33477,"n":"REINSNESØYA","k":"SORTLAND","g":"nordl","po":"9","c":5500}},{"type":"Feature","geometry":{"type":"Point","coordinates":[24.59057,70.8172]},"properties":{"id":33517,"n":"PETTERNES","k":"MÅSØY","g":"nord","po":"12","c":3600}},{"type":"Feature","geometry":{"type":"Point","coordinates":[10.00892,64.1569]},"properties":{"id":33537,"n":"BUHOLMEN","k":"ÅFJORD","g":"trond","po":"6","c":3120}},{"type":"Feature","geometry":{"type":"Point","coordinates":[8.74343,63.82182]},"properties":{"id":33557,"n":"LANGSKJÆRA II","k":"FRØYA","g":"trond","po":"6","c":4680}},{"type":"Feature","geometry":{"type":"Point","coordinates":[6.88568,58.06008]},"properties":{"id":33577,"n":"KJEHOLMEN II","k":"FARSUND","g":"sor","po":"1","c":2340}},{"type":"Feature","geometry":{"type":"Point","coordinates":[5.01412,61.29278]},"properties":{"id":33597,"n":"GRYTØYRAHOLMEN","k":"FJALER","g":"vest","po":"4","c":2340}},{"type":"Feature","geometry":{"type":"Point","coordinates":[8.41765,63.29865]},"properties":{"id":33617,"n":"GJERDE","k":"AURE","g":"trond","po":"6","c":6240}},{"type":"Feature","geometry":{"type":"Point","coordinates":[12.88843,66.53287]},"properties":{"id":33657,"n":"MOVIKODDEN N","k":"LURØY","g":"nordl","po":"8","c":3120}},{"type":"Feature","geometry":{"type":"Point","coordinates":[5.65637,61.14467]},"properties":{"id":33677,"n":"TORVUND","k":"HØYANGER","g":"vest","po":"4","c":3120}},{"type":"Feature","geometry":{"type":"Point","coordinates":[9.23325,63.35043]},"properties":{"id":33697,"n":"FORRAHAMMAREN","k":"HEIM","g":"trond","po":null,"c":2840}},{"type":"Feature","geometry":{"type":"Point","coordinates":[8.50472,63.7917]},"properties":{"id":33737,"n":"OLAUSSKJÆRET","k":"FRØYA","g":"trond","po":"6","c":3120}},{"type":"Feature","geometry":{"type":"Point","coordinates":[9.13348,63.942]},"properties":{"id":33757,"n":"HÅBRANDEN","k":"FRØYA","g":"trond","po":"6","c":3120}},{"type":"Feature","geometry":{"type":"Point","coordinates":[29.29213,70.02748]},"properties":{"id":33777,"n":"LAUSKLUBBEN","k":"UNJÁRGA - NESSEBY","g":"nord","po":"13","c":3600}},{"type":"Feature","geometry":{"type":"Point","coordinates":[5.83937,59.0676]},"properties":{"id":33797,"n":"HIDLEKJERRINGA","k":"STRAND","g":"rog","po":"2","c":3600}},{"type":"Feature","geometry":{"type":"Point","coordinates":[8.2718,63.33892]},"properties":{"id":33937,"n":"NØRHOLMEN","k":"SMØLA","g":"trond","po":"6","c":6240}},{"type":"Feature","geometry":{"type":"Point","coordinates":[8.9145,63.7224]},"properties":{"id":33957,"n":"HOFSØYA","k":"FRØYA","g":"trond","po":"6","c":7020}},{"type":"Feature","geometry":{"type":"Point","coordinates":[22.64242,70.65892]},"properties":{"id":33997,"n":"NÆRINGSBUKTA","k":"HASVIK","g":"nord","po":"12","c":3600}},{"type":"Feature","geometry":{"type":"Point","coordinates":[22.6224,70.66397]},"properties":{"id":33998,"n":"KLUBBEN","k":"HASVIK","g":"nord","po":"12","c":4800}},{"type":"Feature","geometry":{"type":"Point","coordinates":[11.67602,65.02533]},"properties":{"id":34018,"n":"DOLMA N","k":"NÆRØYSUND","g":"trond","po":"7","c":3120}},{"type":"Feature","geometry":{"type":"Point","coordinates":[17.79755,69.12883]},"properties":{"id":34057,"n":"MOHAMN","k":"DYRØY","g":"nord","po":"10","c":5980}},{"type":"Feature","geometry":{"type":"Point","coordinates":[5.56363,60.17177]},"properties":{"id":34117,"n":"SKÅTHOLMEN","k":"BJØRNAFJORDEN","g":"vest","po":"3","c":3120}},{"type":"Feature","geometry":{"type":"Point","coordinates":[18.07008,69.47588]},"properties":{"id":34137,"n":"SKÅRLIODDEN","k":"SENJA","g":"nord","po":"10","c":8500}},{"type":"Feature","geometry":{"type":"Point","coordinates":[12.16355,65.97872]},"properties":{"id":34197,"n":"BRENNHOLMEN","k":"HERØY I NORDLAND","g":"nordl","po":"8","c":2340}},{"type":"Feature","geometry":{"type":"Point","coordinates":[11.72403,65.07878]},"properties":{"id":34257,"n":"LEKAFJORDEN II","k":"LEKA","g":"trond","po":"7","c":4680}},{"type":"Feature","geometry":{"type":"Point","coordinates":[14.72993,68.65618]},"properties":{"id":34277,"n":"MIKKELSØYA","k":"BØ I NORDLAND","g":"nordl","po":"9","c":1560}},{"type":"Feature","geometry":{"type":"Point","coordinates":[16.2172,68.40113]},"properties":{"id":34297,"n":"STABBEN","k":"TJELDSUND","g":"nordl","po":"9","c":6240}},{"type":"Feature","geometry":{"type":"Point","coordinates":[15.26478,68.97053]},"properties":{"id":34357,"n":"GISLØY NØ","k":"ØKSNES","g":"nordl","po":"9","c":2340}},{"type":"Feature","geometry":{"type":"Point","coordinates":[4.96308,60.86]},"properties":{"id":34397,"n":"HYSENESET","k":"GULEN","g":"vest","po":"4","c":5460}},{"type":"Feature","geometry":{"type":"Point","coordinates":[19.66665,70.01095]},"properties":{"id":34457,"n":"LANGÅS","k":"KARLSØY","g":"nord","po":"11","c":7200}},{"type":"Feature","geometry":{"type":"Point","coordinates":[10.51253,64.38957]},"properties":{"id":34477,"n":"NAUSTTAREN","k":"OSEN","g":"trond","po":"6","c":3120}},{"type":"Feature","geometry":{"type":"Point","coordinates":[14.91472,68.66638]},"properties":{"id":34637,"n":"LANGHOLMEN N","k":"HADSEL","g":"nordl","po":"9","c":4680}},{"type":"Feature","geometry":{"type":"Point","coordinates":[5.29883,60.74992]},"properties":{"id":34657,"n":"LABERGET","k":"MASFJORDEN","g":"vest","po":"4","c":2340}},{"type":"Feature","geometry":{"type":"Point","coordinates":[27.2185,70.77477]},"properties":{"id":34697,"n":"ØYRA","k":"LEBESBY","g":"nord","po":"12","c":8300}},{"type":"Feature","geometry":{"type":"Point","coordinates":[13.86722,68.13462]},"properties":{"id":34717,"n":"EIDISHOLMAN","k":"VESTVÅGØY","g":"nordl","po":"9","c":1560}},{"type":"Feature","geometry":{"type":"Point","coordinates":[5.10657,59.43258]},"properties":{"id":34737,"n":"ULVØYO","k":"HAUGESUND","g":"vest","po":"3","c":1560}},{"type":"Feature","geometry":{"type":"Point","coordinates":[12.0567,64.95078]},"properties":{"id":34797,"n":"KALVHAGAN II","k":"NÆRØYSUND","g":"trond","po":"7","c":3900}},{"type":"Feature","geometry":{"type":"Point","coordinates":[5.51042,59.0872]},"properties":{"id":34817,"n":"EIME","k":"KVITSØY","g":"rog","po":"2","c":3600}},{"type":"Feature","geometry":{"type":"Point","coordinates":[8.58913,63.90485]},"properties":{"id":34857,"n":"SALATSKJÆRA","k":"FRØYA","g":"trond","po":"6","c":6240}},{"type":"Feature","geometry":{"type":"Point","coordinates":[10.27993,64.22307]},"properties":{"id":34897,"n":"BRANDSFJORDEN","k":"ÅFJORD","g":"trond","po":"6","c":2340}},{"type":"Feature","geometry":{"type":"Point","coordinates":[12.81528,65.24943]},"properties":{"id":34917,"n":"TOSEN","k":"BINDAL","g":"trond","po":"7","c":3120}},{"type":"Feature","geometry":{"type":"Point","coordinates":[14.43062,67.41632]},"properties":{"id":34997,"n":"BJØRNØYA","k":"BODØ","g":"nordl","po":"9","c":2340}},{"type":"Feature","geometry":{"type":"Point","coordinates":[11.13547,64.9848]},"properties":{"id":35197,"n":"HJORTØYA","k":"NÆRØYSUND","g":"trond","po":"7","c":4680}},{"type":"Feature","geometry":{"type":"Point","coordinates":[18.14773,69.4328]},"properties":{"id":35237,"n":"DURMÅLSVIKA","k":"SENJA","g":"nord","po":"10","c":5670}},{"type":"Feature","geometry":{"type":"Point","coordinates":[6.02858,58.91455]},"properties":{"id":35297,"n":"ÅDNØY SØ","k":"SANDNES","g":"rog","po":"2","c":1950}},{"type":"Feature","geometry":{"type":"Point","coordinates":[17.44057,69.00265]},"properties":{"id":35317,"n":"LITJEVIKA","k":"DYRØY","g":"nord","po":"10","c":3600}},{"type":"Feature","geometry":{"type":"Point","coordinates":[17.52007,69.0188]},"properties":{"id":35318,"n":"SORTEVIKA","k":"DYRØY","g":"nord","po":"10","c":2700}},{"type":"Feature","geometry":{"type":"Point","coordinates":[18.48627,69.89687]},"properties":{"id":35337,"n":"SMÅVÆR","k":"TROMSØ","g":"nord","po":"11","c":8500}},{"type":"Feature","geometry":{"type":"Point","coordinates":[8.44463,63.82503]},"properties":{"id":35377,"n":"KVEITSKJERET","k":"FRØYA","g":"trond","po":"6","c":6240}},{"type":"Feature","geometry":{"type":"Point","coordinates":[10.73418,64.54918]},"properties":{"id":35477,"n":"MAKRELLSKJÆRET","k":"FLATANGER","g":"trond","po":"7","c":6240}},{"type":"Feature","geometry":{"type":"Point","coordinates":[5.19203,60.08077]},"properties":{"id":35497,"n":"DRØNO","k":"AUSTEVOLL","g":"vest","po":"3","c":1560}},{"type":"Feature","geometry":{"type":"Point","coordinates":[4.76112,60.695]},"properties":{"id":35517,"n":"VADHOLMEN","k":"ØYGARDEN","g":"vest","po":"4","c":4680}},{"type":"Feature","geometry":{"type":"Point","coordinates":[20.59435,69.91273]},"properties":{"id":35597,"n":"FOLLESØY","k":"SKJERVØY","g":"nord","po":"11","c":5400}},{"type":"Feature","geometry":{"type":"Point","coordinates":[14.28085,67.144]},"properties":{"id":35617,"n":"MULNESODDEN","k":"GILDESKÅL","g":"nordl","po":"8","c":7800}},{"type":"Feature","geometry":{"type":"Point","coordinates":[9.18647,63.63572]},"properties":{"id":35657,"n":"VARDEN","k":"HITRA","g":"trond","po":"6","c":7020}},{"type":"Feature","geometry":{"type":"Point","coordinates":[15.12592,68.4885]},"properties":{"id":35677,"n":"BROTTØY","k":"HADSEL","g":"nordl","po":"9","c":3120}},{"type":"Feature","geometry":{"type":"Point","coordinates":[12.44422,65.44158]},"properties":{"id":35737,"n":"SÆTEROSEN","k":"BRØNNØY","g":"nordl","po":"8","c":2340}},{"type":"Feature","geometry":{"type":"Point","coordinates":[12.15733,66.1008]},"properties":{"id":35777,"n":"KVITSKJÆRET","k":"HERØY I NORDLAND","g":"nordl","po":"8","c":3120}},{"type":"Feature","geometry":{"type":"Point","coordinates":[11.74642,65.00818]},"properties":{"id":35797,"n":"ÅRSETFJORDEN","k":"NÆRØYSUND","g":"trond","po":"7","c":4680}},{"type":"Feature","geometry":{"type":"Point","coordinates":[14.38843,67.18557]},"properties":{"id":35817,"n":"STOREVIKA","k":"BODØ","g":"nordl","po":"8","c":4330}},{"type":"Feature","geometry":{"type":"Point","coordinates":[18.51762,69.82233]},"properties":{"id":35838,"n":"VENGSØY","k":"TROMSØ","g":"nord","po":"11","c":3599}},{"type":"Feature","geometry":{"type":"Point","coordinates":[11.72393,64.97163]},"properties":{"id":35877,"n":"EITERFJORDEN","k":"NÆRØYSUND","g":"trond","po":"7","c":4680}},{"type":"Feature","geometry":{"type":"Point","coordinates":[6.12662,60.13018]},"properties":{"id":35897,"n":"NYE HESSVIK","k":"ULLENSVANG","g":"vest","po":"3","c":2145}},{"type":"Feature","geometry":{"type":"Point","coordinates":[24.48877,70.67058]},"properties":{"id":35957,"n":"DANIELSVIKA","k":"HAMMERFEST","g":"nord","po":"12","c":7200}},{"type":"Feature","geometry":{"type":"Point","coordinates":[13.52591,66.55787]},"properties":{"id":35977,"n":"LIAN","k":"RØDØY","g":"nordl","po":"8","c":3900}},{"type":"Feature","geometry":{"type":"Point","coordinates":[21.87868,69.95415]},"properties":{"id":35997,"n":"KVITEBERG","k":"KVÆNANGEN","g":"nord","po":"11","c":3600}},{"type":"Feature","geometry":{"type":"Point","coordinates":[11.93107,65.88097]},"properties":{"id":36017,"n":"SØRVÆRET","k":"HERØY I NORDLAND","g":"nordl","po":"8","c":7020}},{"type":"Feature","geometry":{"type":"Point","coordinates":[12.85205,66.13347]},"properties":{"id":36037,"n":"KLIPEN","k":"LEIRFJORD","g":"nordl","po":"8","c":4680}},{"type":"Feature","geometry":{"type":"Point","coordinates":[16.72338,68.93658]},"properties":{"id":36077,"n":"MOLLVIKA","k":"HARSTAD","g":"nord","po":"10","c":5780}},{"type":"Feature","geometry":{"type":"Point","coordinates":[25.32495,70.91162]},"properties":{"id":36099,"n":"STORE KOBBØY","k":"MÅSØY","g":"nord","po":"12","c":5400}},{"type":"Feature","geometry":{"type":"Point","coordinates":[8.02235,63.49493]},"properties":{"id":36100,"n":"SUHOLMEN","k":"SMØLA","g":"trond","po":"6","c":4680}},{"type":"Feature","geometry":{"type":"Point","coordinates":[15.35968,67.528]},"properties":{"id":36117,"n":"MATVIKA","k":"SØRFOLD","g":"nordl","po":"9","c":5460}},{"type":"Feature","geometry":{"type":"Point","coordinates":[15.40022,68.82377]},"properties":{"id":36118,"n":"BREMNESØYA","k":"SORTLAND","g":"nordl","po":"9","c":3900}},{"type":"Feature","geometry":{"type":"Point","coordinates":[17.06575,68.85322]},"properties":{"id":36137,"n":"JEKTEBERGET","k":"IBESTAD","g":"nord","po":"10","c":3600}},{"type":"Feature","geometry":{"type":"Point","coordinates":[10.24623,64.27302]},"properties":{"id":36138,"n":"FLATØYFJORDEN","k":"ÅFJORD","g":"trond","po":"6","c":3600}},{"type":"Feature","geometry":{"type":"Point","coordinates":[16.64513,68.91143]},"properties":{"id":36177,"n":"SKJELLESVIKA","k":"HARSTAD","g":"nord","po":"10","c":4700}},{"type":"Feature","geometry":{"type":"Point","coordinates":[21.28203,70.04613]},"properties":{"id":36178,"n":"HAUKØYA Ø","k":"SKJERVØY","g":"nord","po":"11","c":5000}},{"type":"Feature","geometry":{"type":"Point","coordinates":[12.53988,65.74822]},"properties":{"id":36217,"n":"KALVHYLLA","k":"VEVELSTAD","g":"nordl","po":"8","c":4680}},{"type":"Feature","geometry":{"type":"Point","coordinates":[19.58358,70.10555]},"properties":{"id":36257,"n":"MJØNES","k":"KARLSØY","g":"nord","po":"11","c":10200}},{"type":"Feature","geometry":{"type":"Point","coordinates":[4.98283,61.391]},"properties":{"id":36297,"n":"KJERINGEHOLMEN","k":"ASKVOLL","g":"vest","po":"4","c":3120}},{"type":"Feature","geometry":{"type":"Point","coordinates":[12.12797,65.54652]},"properties":{"id":36317,"n":"VARHOLMEN","k":"BRØNNØY","g":"nordl","po":"8","c":5460}},{"type":"Feature","geometry":{"type":"Point","coordinates":[12.46987,66.35027]},"properties":{"id":36337,"n":"VARDSKJÆRET S","k":"LURØY","g":"nordl","po":"8","c":3120}},{"type":"Feature","geometry":{"type":"Point","coordinates":[23.4353,70.75667]},"properties":{"id":36417,"n":"BORVIKA","k":"HAMMERFEST","g":"nord","po":"12","c":3600}},{"type":"Feature","geometry":{"type":"Point","coordinates":[11.569,65.20317]},"properties":{"id":36457,"n":"KVINGRA","k":"LEKA","g":"trond","po":"7","c":4500}},{"type":"Feature","geometry":{"type":"Point","coordinates":[16.09135,68.47665]},"properties":{"id":36497,"n":"LILLE DJUPFEST","k":"LØDINGEN","g":"nordl","po":"9","c":1560}},{"type":"Feature","geometry":{"type":"Point","coordinates":[12.84965,66.5896]},"properties":{"id":36517,"n":"SELSØYVÆR","k":"RØDØY","g":"nordl","po":"8","c":3120}},{"type":"Feature","geometry":{"type":"Point","coordinates":[11.19572,64.95332]},"properties":{"id":36617,"n":"HARBAKHOLMEN","k":"NÆRØYSUND","g":"trond","po":"7","c":1560}},{"type":"Feature","geometry":{"type":"Point","coordinates":[17.60618,69.46842]},"properties":{"id":36717,"n":"VINDHAMMARNESET","k":"SENJA","g":"nord","po":"10","c":5000}},{"type":"Feature","geometry":{"type":"Point","coordinates":[14.71595,67.44185]},"properties":{"id":36737,"n":"HALLSTEINHAMN I","k":"BODØ","g":"nordl","po":"9","c":3120}},{"type":"Feature","geometry":{"type":"Point","coordinates":[19.83218,69.93672]},"properties":{"id":36757,"n":"LUBBEN","k":"KARLSØY","g":"nord","po":"11","c":5670}},{"type":"Feature","geometry":{"type":"Point","coordinates":[12.40077,66.16405]},"properties":{"id":36778,"n":"HAVSTEIN SØR","k":"DØNNA","g":"nordl","po":null,"c":2340}},{"type":"Feature","geometry":{"type":"Point","coordinates":[19.93163,69.98692]},"properties":{"id":36797,"n":"KORSNES","k":"KARLSØY","g":"nord","po":"11","c":7200}},{"type":"Feature","geometry":{"type":"Point","coordinates":[14.38062,67.38288]},"properties":{"id":36817,"n":"KARISKJÆRET","k":"BODØ","g":"nordl","po":"9","c":2340}},{"type":"Feature","geometry":{"type":"Point","coordinates":[8.40882,63.81968]},"properties":{"id":36877,"n":"MUNKSKJÆRA","k":"FRØYA","g":"trond","po":"6","c":3120}},{"type":"Feature","geometry":{"type":"Point","coordinates":[10.11542,64.21087]},"properties":{"id":36917,"n":"DREVFLESA","k":"ÅFJORD","g":"trond","po":"6","c":3120}},{"type":"Feature","geometry":{"type":"Point","coordinates":[16.90653,69.15137]},"properties":{"id":36937,"n":"HALLVARDSØYA","k":"SENJA","g":"nord","po":"10","c":4500}},{"type":"Feature","geometry":{"type":"Point","coordinates":[17.40782,68.90805]},"properties":{"id":37057,"n":"MJØSUND VEST","k":"IBESTAD","g":"nord","po":"10","c":5670}},{"type":"Feature","geometry":{"type":"Point","coordinates":[12.6723,65.19105]},"properties":{"id":37077,"n":"OKSBÅSEN","k":"BINDAL","g":"trond","po":"7","c":3120}},{"type":"Feature","geometry":{"type":"Point","coordinates":[10.62935,64.7692]},"properties":{"id":37177,"n":"DJUPTAREN","k":"NÆRØYSUND","g":"trond","po":"7","c":3120}},{"type":"Feature","geometry":{"type":"Point","coordinates":[8.47603,63.77008]},"properties":{"id":37197,"n":"RUGGSTEIN","k":"FRØYA","g":"trond","po":"6","c":6240}},{"type":"Feature","geometry":{"type":"Point","coordinates":[16.3452,68.92503]},"properties":{"id":37217,"n":"DALE","k":"HARSTAD","g":"nord","po":"10","c":5500}},{"type":"Feature","geometry":{"type":"Point","coordinates":[22.69432,70.64533]},"properties":{"id":37237,"n":"BØRFJORD","k":"HASVIK","g":"nord","po":"12","c":1640}},{"type":"Feature","geometry":{"type":"Point","coordinates":[20.09217,70.0834]},"properties":{"id":37297,"n":"LARSTANGEN","k":"KARLSØY","g":"nord","po":"11","c":10000}},{"type":"Feature","geometry":{"type":"Point","coordinates":[17.99427,69.57837]},"properties":{"id":37357,"n":"BRENSHOLMEN","k":"TROMSØ","g":"nord","po":"10","c":5670}},{"type":"Feature","geometry":{"type":"Point","coordinates":[8.60317,63.66395]},"properties":{"id":37437,"n":"FAGERHOLMEN","k":"FRØYA","g":"trond","po":"6","c":3120}},{"type":"Feature","geometry":{"type":"Point","coordinates":[22.87385,70.24538]},"properties":{"id":37557,"n":"DAVATLUFT","k":"ALTA","g":"nord","po":"12","c":5670}},{"type":"Feature","geometry":{"type":"Point","coordinates":[9.33983,63.59217]},"properties":{"id":37717,"n":"VASSGÅSHOLMEN","k":"ORKLAND","g":"trond","po":"6","c":3120}},{"type":"Feature","geometry":{"type":"Point","coordinates":[6.88943,62.37937]},"properties":{"id":37797,"n":"SKJORTNESET II","k":"FJORD","g":"more","po":"5","c":3120}},{"type":"Feature","geometry":{"type":"Point","coordinates":[12.07157,65.93428]},"properties":{"id":37857,"n":"SEISKJÆRET","k":"HERØY I NORDLAND","g":"nordl","po":"8","c":3599}},{"type":"Feature","geometry":{"type":"Point","coordinates":[15.19168,67.902]},"properties":{"id":38017,"n":"STORSKJÆRET","k":"STEIGEN","g":"nordl","po":null,"c":1800}},{"type":"Feature","geometry":{"type":"Point","coordinates":[12.4032,65.5826]},"properties":{"id":38037,"n":"ANDALSVÅGEN I","k":"VEVELSTAD","g":"nordl","po":"8","c":780}},{"type":"Feature","geometry":{"type":"Point","coordinates":[12.33948,65.68497]},"properties":{"id":38057,"n":"HAMNSUNDET I","k":"VEVELSTAD","g":"nordl","po":"8","c":2340}},{"type":"Feature","geometry":{"type":"Point","coordinates":[6.05973,58.91318]},"properties":{"id":38097,"n":"HØGÅS","k":"STRAND","g":"rog","po":"2","c":780}},{"type":"Feature","geometry":{"type":"Point","coordinates":[4.95052,61.01673]},"properties":{"id":38217,"n":"HARDBAKKENESET","k":"GULEN","g":"vest","po":"4","c":3120}},{"type":"Feature","geometry":{"type":"Point","coordinates":[10.42497,64.35658]},"properties":{"id":38277,"n":"NORDRE SKOKKELØY","k":"OSEN","g":"trond","po":"6","c":3120}},{"type":"Feature","geometry":{"type":"Point","coordinates":[12.02305,66.03118]},"properties":{"id":38297,"n":"SØR GÅSVÆR","k":"HERØY I NORDLAND","g":"nordl","po":"8","c":1560}},{"type":"Feature","geometry":{"type":"Point","coordinates":[12.73575,66.47612]},"properties":{"id":38517,"n":"MÅVÆR","k":"LURØY","g":"nordl","po":"8","c":4850}},{"type":"Feature","geometry":{"type":"Point","coordinates":[5.08115,61.14635]},"properties":{"id":38577,"n":"SKREDA","k":"SOLUND","g":"vest","po":"4","c":4680}},{"type":"Feature","geometry":{"type":"Point","coordinates":[12.7518,65.20887]},"properties":{"id":38677,"n":"KOLLSVIKA","k":"BINDAL","g":"trond","po":"7","c":1560}},{"type":"Feature","geometry":{"type":"Point","coordinates":[9.86873,63.98067]},"properties":{"id":38697,"n":"TAKFLUA","k":"ÅFJORD","g":"trond","po":"6","c":3120}},{"type":"Feature","geometry":{"type":"Point","coordinates":[14.34655,68.61298]},"properties":{"id":38757,"n":"GAUKVÆRØY","k":"BØ I NORDLAND","g":"nordl","po":"9","c":4680}},{"type":"Feature","geometry":{"type":"Point","coordinates":[8.69927,63.64727]},"properties":{"id":38777,"n":"HALLARVIK","k":"HITRA","g":"trond","po":"6","c":2340}},{"type":"Feature","geometry":{"type":"Point","coordinates":[8.59108,63.85273]},"properties":{"id":38797,"n":"OLØYA N","k":"FRØYA","g":"trond","po":"6","c":2860}},{"type":"Feature","geometry":{"type":"Point","coordinates":[25.39083,71.0171]},"properties":{"id":38857,"n":"VANNFJORDEN","k":"NORDKAPP","g":"nord","po":"12","c":5670}},{"type":"Feature","geometry":{"type":"Point","coordinates":[25.81915,70.80725]},"properties":{"id":38877,"n":"JERNØYA","k":"NORDKAPP","g":"nord","po":"12","c":5670}},{"type":"Feature","geometry":{"type":"Point","coordinates":[5.47862,59.19497]},"properties":{"id":38957,"n":"LÅDERSKJERA","k":"BOKN","g":"rog","po":"2","c":3600}},{"type":"Feature","geometry":{"type":"Point","coordinates":[8.44783,63.66275]},"properties":{"id":38997,"n":"ILSØYA 2","k":"FRØYA","g":"trond","po":"6","c":3120}},{"type":"Feature","geometry":{"type":"Point","coordinates":[4.69375,60.99405]},"properties":{"id":39197,"n":"KVERHELLESKJERET","k":"SOLUND","g":"vest","po":"4","c":1560}},{"type":"Feature","geometry":{"type":"Point","coordinates":[8.20748,63.42192]},"properties":{"id":39217,"n":"HÅRKALLBÅEN","k":"SMØLA","g":"trond","po":"6","c":3120}},{"type":"Feature","geometry":{"type":"Point","coordinates":[5.06495,61.91633]},"properties":{"id":39377,"n":"HUSEVÅGØY","k":"KINN","g":"vest","po":"4","c":3120}},{"type":"Feature","geometry":{"type":"Point","coordinates":[4.91138,61.70768]},"properties":{"id":39437,"n":"HOVDEN","k":"KINN","g":"vest","po":"4","c":3900}},{"type":"Feature","geometry":{"type":"Point","coordinates":[5.95367,61.87222]},"properties":{"id":39477,"n":"HUNDVIKA AUST","k":"STAD","g":"vest","po":"4","c":2340}},{"type":"Feature","geometry":{"type":"Point","coordinates":[11.36595,64.68382]},"properties":{"id":39537,"n":"GYLTNESET","k":"NAMSOS","g":"trond","po":"7","c":5460}},{"type":"Feature","geometry":{"type":"Point","coordinates":[5.21165,62.01647]},"properties":{"id":39577,"n":"SILDA","k":"KINN","g":"vest","po":"4","c":2340}},{"type":"Feature","geometry":{"type":"Point","coordinates":[5.0683,61.80602]},"properties":{"id":39657,"n":"SKIPPERDALSNESET","k":"BREMANGER","g":"vest","po":"4","c":3120}},{"type":"Feature","geometry":{"type":"Point","coordinates":[14.58567,68.50135]},"properties":{"id":39777,"n":"YTRE HADSELØYA","k":"HADSEL","g":"nordl","po":"9","c":10000}},{"type":"Feature","geometry":{"type":"Point","coordinates":[11.5664,65.25203]},"properties":{"id":39597,"n":"GÅSFLESTAREN","k":"BINDAL","g":"trond","po":"7","c":4680}},{"type":"Feature","geometry":{"type":"Point","coordinates":[5.12583,61.79808]},"properties":{"id":39917,"n":"FURENESET","k":"BREMANGER","g":"vest","po":"4","c":3120}},{"type":"Feature","geometry":{"type":"Point","coordinates":[6.78015,62.77625]},"properties":{"id":39937,"n":"ORHOLMEN","k":"AUKRA","g":"more","po":"5","c":3120}},{"type":"Feature","geometry":{"type":"Point","coordinates":[8.4714,63.87358]},"properties":{"id":39957,"n":"FLATØYAN","k":"FRØYA","g":"trond","po":"6","c":3120}},{"type":"Feature","geometry":{"type":"Point","coordinates":[14.03218,67.42167]},"properties":{"id":39997,"n":"HELLIGVÆR Ø","k":"BODØ","g":"nordl","po":"9","c":2340}},{"type":"Feature","geometry":{"type":"Point","coordinates":[23.75188,70.51192]},"properties":{"id":40017,"n":"STANGNES","k":"HAMMERFEST","g":"nord","po":"12","c":5784}},{"type":"Feature","geometry":{"type":"Point","coordinates":[5.8946,59.34462]},"properties":{"id":40037,"n":"SMEDHOLMEN","k":"TYSVÆR","g":"rog","po":"2","c":3120}},{"type":"Feature","geometry":{"type":"Point","coordinates":[11.96842,65.16173]},"properties":{"id":40117,"n":"OTERVIKA","k":"BINDAL","g":"trond","po":"7","c":3120}},{"type":"Feature","geometry":{"type":"Point","coordinates":[15.42875,68.92783]},"properties":{"id":40118,"n":"SVINDALEN I","k":"ANDØY","g":"nordl","po":"9","c":3184}},{"type":"Feature","geometry":{"type":"Point","coordinates":[9.77952,63.93753]},"properties":{"id":40137,"n":"LØNNGRUNNEN","k":"ØRLAND","g":"trond","po":"6","c":6240}},{"type":"Feature","geometry":{"type":"Point","coordinates":[18.249,69.87592]},"properties":{"id":40217,"n":"FELLESHOLMEN","k":"TROMSØ","g":"nord","po":"11","c":5990}},{"type":"Feature","geometry":{"type":"Point","coordinates":[5.05,61.50638]},"properties":{"id":40297,"n":"GNARNESVIKA","k":"KINN","g":"vest","po":"4","c":3120}},{"type":"Feature","geometry":{"type":"Point","coordinates":[23.34092,70.72152]},"properties":{"id":40357,"n":"NORDNESBUKTA","k":"HAMMERFEST","g":"nord","po":"12","c":6000}},{"type":"Feature","geometry":{"type":"Point","coordinates":[12.25017,65.21103]},"properties":{"id":40377,"n":"KLAMPVIKA N","k":"BINDAL","g":"trond","po":"7","c":3120}},{"type":"Feature","geometry":{"type":"Point","coordinates":[22.02073,70.01877]},"properties":{"id":45000,"n":"Svartberget","k":"KVÆNANGEN","g":"nord","po":"11","c":2700}},{"type":"Feature","geometry":{"type":"Point","coordinates":[12.69107,66.57847]},"properties":{"id":45002,"n":"Korsvika","k":"LURØY","g":"nordl","po":"8","c":5460}},{"type":"Feature","geometry":{"type":"Point","coordinates":[12.24522,65.7725]},"properties":{"id":45003,"n":"Ystøya","k":"ALSTAHAUG","g":"nordl","po":"8","c":3120}},{"type":"Feature","geometry":{"type":"Point","coordinates":[15.19887,67.66928]},"properties":{"id":45004,"n":"Mulen","k":"STEIGEN","g":"nordl","po":"9","c":3600}},{"type":"Feature","geometry":{"type":"Point","coordinates":[23.6761,70.58053]},"properties":{"id":45005,"n":"Grøtnes N","k":"HAMMERFEST","g":"nord","po":"12","c":5784}},{"type":"Feature","geometry":{"type":"Point","coordinates":[15.26927,68.63108]},"properties":{"id":45010,"n":"Holand","k":"SORTLAND","g":"nordl","po":"9","c":3120}},{"type":"Feature","geometry":{"type":"Point","coordinates":[12.326,65.3103]},"properties":{"id":45013,"n":"Sandskjæret","k":"SØMNA","g":"trond","po":"7","c":3600}},{"type":"Feature","geometry":{"type":"Point","coordinates":[15.23907,67.75228]},"properties":{"id":45014,"n":"Nordfoldleira I","k":"STEIGEN","g":"nordl","po":"9","c":3120}},{"type":"Feature","geometry":{"type":"Point","coordinates":[12.66875,66.77557]},"properties":{"id":45016,"n":"Kjølsøyvær","k":"RØDØY","g":"nordl","po":"8","c":3120}},{"type":"Feature","geometry":{"type":"Point","coordinates":[24.62945,70.87483]},"properties":{"id":45017,"n":"Bakfjorden","k":"MÅSØY","g":"nord","po":"12","c":8505}},{"type":"Feature","geometry":{"type":"Point","coordinates":[13.05583,66.32025]},"properties":{"id":45023,"n":"Varpet","k":"LURØY","g":"nordl","po":"8","c":3120}},{"type":"Feature","geometry":{"type":"Point","coordinates":[5.71727,59.21425]},"properties":{"id":45024,"n":"Lyregrunnen","k":"STAVANGER","g":"rog","po":"2","c":4680}},{"type":"Feature","geometry":{"type":"Point","coordinates":[23.24188,70.54208]},"properties":{"id":45025,"n":"Vegglandet","k":"HAMMERFEST","g":"nord","po":"12","c":5784}},{"type":"Feature","geometry":{"type":"Point","coordinates":[12.29418,66.24348]},"properties":{"id":45029,"n":"Ramnøya N","k":"DØNNA","g":"nordl","po":"8","c":4680}},{"type":"Feature","geometry":{"type":"Point","coordinates":[11.44352,64.97298]},"properties":{"id":45032,"n":"Ytterflesa","k":"NÆRØYSUND","g":"trond","po":"7","c":5460}},{"type":"Feature","geometry":{"type":"Point","coordinates":[14.2901,67.17497]},"properties":{"id":45037,"n":"Kjølvika I","k":"GILDESKÅL","g":"nordl","po":"8","c":780}},{"type":"Feature","geometry":{"type":"Point","coordinates":[6.16548,59.30873]},"properties":{"id":45038,"n":"Hundaneset","k":"HJELMELAND","g":"rog","po":"2","c":2340}},{"type":"Feature","geometry":{"type":"Point","coordinates":[13.32518,66.53785]},"properties":{"id":45044,"n":"Linesvika","k":"RØDØY","g":"nordl","po":"8","c":3120}},{"type":"Feature","geometry":{"type":"Point","coordinates":[11.63378,64.80155]},"properties":{"id":45046,"n":"Stasøya","k":"NÆRØYSUND","g":"trond","po":"7","c":4680}},{"type":"Feature","geometry":{"type":"Point","coordinates":[7.73012,62.71648]},"properties":{"id":45047,"n":"Geilbukta","k":"RAUMA","g":"more","po":"5","c":780}},{"type":"Feature","geometry":{"type":"Point","coordinates":[16.33328,68.16087]},"properties":{"id":45049,"n":"Bergkråa","k":"NARVIK","g":"nordl","po":"9","c":3120}},{"type":"Feature","geometry":{"type":"Point","coordinates":[12.55398,65.83402]},"properties":{"id":45050,"n":"Skarvhammaren","k":"ALSTAHAUG","g":"nordl","po":"8","c":2340}},{"type":"Feature","geometry":{"type":"Point","coordinates":[6.977,62.31833]},"properties":{"id":45058,"n":"URDANESET","k":"STRANDA","g":"more","po":"5","c":3120}},{"type":"Feature","geometry":{"type":"Point","coordinates":[16.78358,68.4208]},"properties":{"id":45060,"n":"PUNDSVIK I","k":"NARVIK","g":"nordl","po":"9","c":3120}},{"type":"Feature","geometry":{"type":"Point","coordinates":[6.05955,60.24938]},"properties":{"id":45066,"n":"LINGAHOLMANE","k":"KVAM","g":"vest","po":"3","c":1560}},{"type":"Feature","geometry":{"type":"Point","coordinates":[13.46998,68.07142]},"properties":{"id":45068,"n":"GRÆNHOLMEN","k":"VESTVÅGØY","g":"nordl","po":"9","c":2340}},{"type":"Feature","geometry":{"type":"Point","coordinates":[25.01295,70.8911]},"properties":{"id":45070,"n":"KRISTIANNESET","k":"MÅSØY","g":"nord","po":"12","c":5670}},{"type":"Feature","geometry":{"type":"Point","coordinates":[5.09222,61.91167]},"properties":{"id":45072,"n":"BLEKET","k":"KINN","g":"vest","po":"4","c":3120}},{"type":"Feature","geometry":{"type":"Point","coordinates":[15.5878,67.98025]},"properties":{"id":45077,"n":"ØRNHAUGNESET","k":"HAMARØY","g":"nordl","po":"9","c":3600}},{"type":"Feature","geometry":{"type":"Point","coordinates":[13.20692,66.58177]},"properties":{"id":45080,"n":"HESTVIK","k":"RØDØY","g":"nordl","po":"8","c":3600}},{"type":"Feature","geometry":{"type":"Point","coordinates":[12.25283,66.06672]},"properties":{"id":45081,"n":"LANGØYA","k":"HERØY I NORDLAND","g":"nordl","po":"8","c":3120}},{"type":"Feature","geometry":{"type":"Point","coordinates":[20.66462,69.98715]},"properties":{"id":45083,"n":"VORTERØYSKAGEN","k":"SKJERVØY","g":"nord","po":"11","c":5400}},{"type":"Feature","geometry":{"type":"Point","coordinates":[7.59428,63.0603]},"properties":{"id":45087,"n":"AUKAN","k":"AVERØY","g":"trond","po":"6","c":300}},{"type":"Feature","geometry":{"type":"Point","coordinates":[17.92245,69.27808]},"properties":{"id":45089,"n":"KLUBBEN","k":"SENJA","g":"nord","po":null,"c":3000}},{"type":"Feature","geometry":{"type":"Point","coordinates":[9.90367,64.09392]},"properties":{"id":45092,"n":"SMÆLINGEN","k":"ÅFJORD","g":"trond","po":"6","c":6240}},{"type":"Feature","geometry":{"type":"Point","coordinates":[16.2742,68.24457]},"properties":{"id":45099,"n":"GRØNNSTRANDA","k":"NARVIK","g":"nordl","po":"9","c":3120}},{"type":"Feature","geometry":{"type":"Point","coordinates":[7.75227,63.30292]},"properties":{"id":45108,"n":"VÅGSHOLMEN","k":"SMØLA","g":"trond","po":"6","c":3900}},{"type":"Feature","geometry":{"type":"Point","coordinates":[10.7982,64.55788]},"properties":{"id":45117,"n":"KNUBBEN","k":"FLATANGER","g":"trond","po":"7","c":4680}},{"type":"Feature","geometry":{"type":"Point","coordinates":[6.14957,60.09748]},"properties":{"id":45120,"n":"SKOTBERGET","k":"KVINNHERAD","g":"vest","po":"3","c":3600}},{"type":"Feature","geometry":{"type":"Point","coordinates":[6.18033,62.59823]},"properties":{"id":45122,"n":"LAUSUND","k":"HARAM","g":"more","po":"5","c":4680}},{"type":"Feature","geometry":{"type":"Point","coordinates":[4.915,61.31783]},"properties":{"id":45124,"n":"LAUKELANDSØYNA","k":"ASKVOLL","g":"vest","po":"4","c":3120}},{"type":"Feature","geometry":{"type":"Point","coordinates":[11.73077,65.03512]},"properties":{"id":45127,"n":"HELLERFLESA","k":"NÆRØYSUND","g":"trond","po":"7","c":5460}},{"type":"Feature","geometry":{"type":"Point","coordinates":[8.15693,63.46975]},"properties":{"id":45129,"n":"KVITHOLMEN","k":"SMØLA","g":"trond","po":"6","c":6240}},{"type":"Feature","geometry":{"type":"Point","coordinates":[6.81617,62.43882]},"properties":{"id":45134,"n":"BUGANE","k":"SYKKYLVEN","g":"more","po":"5","c":3120}},{"type":"Feature","geometry":{"type":"Point","coordinates":[5.49525,62.22992]},"properties":{"id":45135,"n":"VORAVIKA","k":"SANDE I MØRE OG ROMSDAL","g":"more","po":"5","c":3600}},{"type":"Feature","geometry":{"type":"Point","coordinates":[13.10985,66.62968]},"properties":{"id":45140,"n":"NORDSKAFTET","k":"RØDØY","g":"nordl","po":"8","c":3120}},{"type":"Feature","geometry":{"type":"Point","coordinates":[4.91962,59.3095]},"properties":{"id":45141,"n":"TEDNEVIK","k":"UTSIRA","g":"vest","po":"3","c":5460}},{"type":"Feature","geometry":{"type":"Point","coordinates":[17.74373,69.5802]},"properties":{"id":45142,"n":"YTRE BALTSFJORD","k":"SENJA","g":"nord","po":"10","c":3600}},{"type":"Feature","geometry":{"type":"Point","coordinates":[19.76845,70.05127]},"properties":{"id":45154,"n":"LANGNESET","k":"KARLSØY","g":"nord","po":"11","c":5670}},{"type":"Feature","geometry":{"type":"Point","coordinates":[6.64528,62.85453]},"properties":{"id":45155,"n":"HOLMSKALLEN","k":"ÅLESUND","g":"more","po":"5","c":3600}},{"type":"Feature","geometry":{"type":"Point","coordinates":[5.11633,61.613]},"properties":{"id":45160,"n":"BOTNASTRANDA","k":"KINN","g":"vest","po":null,"c":1050}},{"type":"Feature","geometry":{"type":"Point","coordinates":[12.99697,66.28207]},"properties":{"id":45166,"n":"STORVIKNESET","k":"NESNA","g":"nordl","po":"8","c":3900}},{"type":"Feature","geometry":{"type":"Point","coordinates":[7.64557,62.97342]},"properties":{"id":45167,"n":"HEGGESET","k":"AVERØY","g":"trond","po":"6","c":2340}},{"type":"Feature","geometry":{"type":"Point","coordinates":[22.50442,70.49585]},"properties":{"id":45168,"n":"KIPPARFJORD","k":"HASVIK","g":"nord","po":"12","c":7560}},{"type":"Feature","geometry":{"type":"Point","coordinates":[13.35582,66.85142]},"properties":{"id":45173,"n":"SANDØYAN","k":"MELØY","g":"nordl","po":"8","c":3900}},{"type":"Feature","geometry":{"type":"Point","coordinates":[7.43117,62.66268]},"properties":{"id":45179,"n":"VEØY SØR","k":"MOLDE","g":"more","po":"5","c":780}},{"type":"Feature","geometry":{"type":"Point","coordinates":[23.66925,70.63603]},"properties":{"id":45190,"n":"RYPEFJORD","k":"HAMMERFEST","g":"nord","po":null,"c":1100}},{"type":"Feature","geometry":{"type":"Point","coordinates":[10.56593,64.80645]},"properties":{"id":45198,"n":"PURKHOLMEN","k":"NÆRØYSUND","g":"trond","po":"7","c":6240}},{"type":"Feature","geometry":{"type":"Point","coordinates":[5.53752,61.92357]},"properties":{"id":45200,"n":"MIDTHJELL","k":"STAD","g":"vest","po":"4","c":3600}},{"type":"Feature","geometry":{"type":"Point","coordinates":[15.51497,68.72952]},"properties":{"id":45201,"n":"HOLMEN","k":"SORTLAND","g":"nord","po":null,"c":1560}},{"type":"Feature","geometry":{"type":"Point","coordinates":[4.8515,61.19315]},"properties":{"id":45206,"n":"LYNGHOLMANE","k":"SOLUND","g":"vest","po":"4","c":2340}},{"type":"Feature","geometry":{"type":"Point","coordinates":[30.19142,70.54855]},"properties":{"id":45208,"n":"SANDFJORDNESET","k":"BÅTSFJORD","g":"nord","po":"13","c":5670}},{"type":"Feature","geometry":{"type":"Point","coordinates":[4.8075,61.18445]},"properties":{"id":45210,"n":"SALTSKÅR S","k":"SOLUND","g":"vest","po":"4","c":3120}},{"type":"Feature","geometry":{"type":"Point","coordinates":[4.8148,61.19313]},"properties":{"id":45211,"n":"SALTSKÅR","k":"SOLUND","g":"vest","po":"4","c":1560}},{"type":"Feature","geometry":{"type":"Point","coordinates":[24.08582,70.5756]},"properties":{"id":45215,"n":"ISELVA","k":"HAMMERFEST","g":"nord","po":"12","c":8610}},{"type":"Feature","geometry":{"type":"Point","coordinates":[12.58073,66.66295]},"properties":{"id":45229,"n":"LYNGVÆR","k":"RØDØY","g":"nordl","po":"8","c":3600}},{"type":"Feature","geometry":{"type":"Point","coordinates":[22.36932,70.49038]},"properties":{"id":45230,"n":"MELTEFJORD","k":"HASVIK","g":"nord","po":"12","c":8872}},{"type":"Feature","geometry":{"type":"Point","coordinates":[12.57562,66.55033]},"properties":{"id":45231,"n":"SLØNGA","k":"LURØY","g":"nordl","po":"8","c":1560}},{"type":"Feature","geometry":{"type":"Point","coordinates":[16.89977,69.21467]},"properties":{"id":45233,"n":"LEIKVIKA","k":"SENJA","g":"nord","po":"10","c":4500}},{"type":"Feature","geometry":{"type":"Point","coordinates":[8.9278,63.75285]},"properties":{"id":45236,"n":"LANGTAREN","k":"FRØYA","g":"trond","po":"6","c":4680}},{"type":"Feature","geometry":{"type":"Point","coordinates":[9.3949,64.04855]},"properties":{"id":45239,"n":"FROVÆR","k":"FRØYA","g":"trond","po":"6","c":8750}},{"type":"Feature","geometry":{"type":"Point","coordinates":[12.66755,66.31737]},"properties":{"id":45241,"n":"MANGVARDAN","k":"LURØY","g":"nordl","po":"8","c":4300}},{"type":"Feature","geometry":{"type":"Point","coordinates":[6.69085,62.81942]},"properties":{"id":45243,"n":"PLOMMA","k":"AUKRA","g":"more","po":"5","c":6240}},{"type":"Feature","geometry":{"type":"Point","coordinates":[8.52833,63.82505]},"properties":{"id":45244,"n":"HINGSSKJÆRET","k":"FRØYA","g":"trond","po":"6","c":6240}},{"type":"Feature","geometry":{"type":"Point","coordinates":[13.88763,67.42307]},"properties":{"id":45249,"n":"BREISUNDET","k":"BODØ","g":"nordl","po":"9","c":2340}},{"type":"Feature","geometry":{"type":"Point","coordinates":[15.03033,68.48208]},"properties":{"id":45252,"n":"HOHOLMEN","k":"HADSEL","g":"nordl","po":"9","c":5000}},{"type":"Feature","geometry":{"type":"Point","coordinates":[12.2622,65.8114]},"properties":{"id":45256,"n":"SEGLØYGRUNNA","k":"ALSTAHAUG","g":"nordl","po":"8","c":3599}},{"type":"Feature","geometry":{"type":"Point","coordinates":[16.24218,67.91292]},"properties":{"id":45257,"n":"SIGNALUOKTA","k":"HAMARØY","g":"nordl","po":"9","c":3120}},{"type":"Feature","geometry":{"type":"Point","coordinates":[8.59523,63.44112]},"properties":{"id":45260,"n":"KORSHAMN","k":"HITRA","g":"trond","po":"6","c":6240}},{"type":"Feature","geometry":{"type":"Point","coordinates":[11.21592,65.0411]},"properties":{"id":45262,"n":"TAREGGA ØST","k":"NÆRØYSUND","g":"trond","po":"7","c":3600}},{"type":"Feature","geometry":{"type":"Point","coordinates":[25.65037,70.93988]},"properties":{"id":45264,"n":"GUVLA","k":"NORDKAPP","g":"nord","po":"12","c":5400}},{"type":"Feature","geometry":{"type":"Point","coordinates":[8.77183,63.82793]},"properties":{"id":45280,"n":"KLOVNINGAN","k":"FRØYA","g":"trond","po":"6","c":4776}},{"type":"Feature","geometry":{"type":"Point","coordinates":[12.14095,65.22673]},"properties":{"id":45282,"n":"LAKSVIKA","k":"SØMNA","g":"trond","po":"7","c":3900}},{"type":"Feature","geometry":{"type":"Point","coordinates":[9.73792,63.95738]},"properties":{"id":45289,"n":"BÅRÅSA","k":"ØRLAND","g":"trond","po":"6","c":3120}},{"type":"Feature","geometry":{"type":"Point","coordinates":[17.08193,68.44923]},"properties":{"id":45298,"n":"FORNES I","k":"EVENES","g":"nordl","po":"9","c":3600}},{"type":"Feature","geometry":{"type":"Point","coordinates":[6.21292,62.6424]},"properties":{"id":45299,"n":"HARAM","k":"HARAM","g":"more","po":"5","c":4680}},{"type":"Feature","geometry":{"type":"Point","coordinates":[12.04648,66.15097]},"properties":{"id":45300,"n":"SKIPBÅTSVÆR","k":"HERØY I NORDLAND","g":"nordl","po":"8","c":3599}},{"type":"Feature","geometry":{"type":"Point","coordinates":[15.9614,68.92268]},"properties":{"id":45301,"n":"KINNHOLMEN","k":"SORTLAND","g":"nord","po":"10","c":4000}}]}